sothutu,name,brand,pricenew,sale,priceold,volume
0,Nước Hoa Nữ Diamond Femme (Trắng),Eau De Parfum,301000,45%,549000,45ml
1,Nước Hoa Vùng Kín Foellie Hương Hoa Hồng Mạnh Mẽ,Inner Perfume #Eau De Bijou,144000,59%,350000,5ml
2,Nước Hoa Nữ Diamond Femme Pink (Hồng),Eau De Parfum,275000,50%,549000,45ml
3,Nước Hoa Nam Diamond Homme (Đen),Eau De Parfum,275000,50%,549000,45ml
4,Nước Hoa Nữ Diamond Femme Ruby Red (Đỏ),Eau De Parfum,301000,45%,549000,45ml
5,Nước Hoa Nữ Gennie Little Gold Dress,Little Gold Dress,146000,33%,219000,50ml
6,Nước Hoa Vùng Kín Foellie Hương Trái Cây Ngọt Ngào,Inner Perfume #Eau De Fleur,179000,49%,350000,5ml
7,Nước Hoa Nữ Gennie Little Black Dress,Little Black Dress,146000,33%,219000,50ml
8,Xịt Thơm Toàn Thân Malissa Kiss Hương Crazy in Love,Perfume Body Mist,134000,21%,169000,88ml
10,Nước Hoa Nữ De Memoria EDP #05 Montpellier,Eau De Parfum,354000,36%,550000,30ml
11,Nước Hoa Nữ De Memoria #02 Val De Loire Hương Tươi Mát,Eau De Parfum,354000,36%,550000,30ml
12,Xịt Thơm Toàn Thân Bodymiss Hương Stop & Stare,,54000,32%,79000,35ml
13,Nước Hoa Nữ Gennie Little Red Dress,Little Red Dress,110000,50%,219000,50ml
14,Nước Hoa Nam Gota Iconic Eau de Parfum,Iconic Perfume For Men Eau de Parfum,148000,50%,296000,50ml
16,Nước Hoa Nữ De Memoria EDP #04 Dresden,Eau De Parfum,354000,36%,550000,30ml
17,Nước Hoa Vùng Kín Foellie Hương Hoa Hồng Trắng,Inner Perfume #Eau De Ciel,179000,49%,350000,5ml
18,Nước Hoa Nam Diamond Homme Dark Blue (Xanh),Eau De Parfum,301000,45%,549000,45ml
19,Nước Hoa Nữ Gennie Little Rose Dress Bản Giới Hạn,Little Rose Dress For Her,175000,50%,349000,50ml
20,Nước Hoa Vùng Kín Foellie Hoa Đinh Hương Bản Giới Hạn,Inner Perfume #Eau De Tuileries,189000,46%,350000,5ml
21,Nước Hoa Nữ Versace Bright Crystal Absolu EDP,Bright Crystal Absolu Eau de Parfum Natural Spray,1789000,39%,2915000,90ml
22,Nước Hoa Nam Diamond Homme Brown (Nâu),Eau De Parfum,301000,40%,499000,45ml
23,Nước Hoa Nữ Carolina Herrera Good Girl EDP,Good Girl Eau De Parfum Natural Spray,1809000,10%,2010000,30ml
24,Xịt Thơm Toàn Thân Malissa Kiss Hương Sweet Poison,Perfume Mist,134000,21%,169000,88ml
25,Xịt Thơm Toàn Thân Malissa Kiss Hương Adore You,Perfume Mist,134000,21%,169000,88ml
26,Nước Hoa Nam Versace Pour Homme EDT,Pour Homme Eau De Toilette Spray,1443000,19%,1782000,50ml
27,Nước Hoa Nữ Laura Anne Allure For Her (Hồng),Eau de Parfum,184000,38%,299000,50ml
28,Nước Hoa Nữ Lancôme La Nuit Tresor EDP,La Nuit Tresor Eau De Parfum,2820000,9%,3100000,75ml
29,Nước Hoa Nam Paco Rabanne 1 Million Parfum EDP,1 Million Parfum EDP,3024000,10%,3360000,100ml
30,Xịt Thơm Toàn Thân Malissa Kiss Hương Nước Hoa Passion,Perfume Mist,134000,21%,169000,88ml
31,Nước Hoa Nữ Versace Bright Crystal EDT,Bright Crystal Eau de Toilette Spray,1190000,59%,2905000,50ml
32,Nước Hoa Vùng Kín Foellie Hương Hoa Nhài Bản Giới Hạn,Inner Perfume #Eau De Venus,164000,53%,350000,5ml
33,Nước Hoa Nữ De Memoria EDP #03 Granada,Eau De Parfum,354000,36%,550000,30ml
34,Nước Hoa Nữ De Memoria EDP #06 Grasse,Eau De Parfum,354000,36%,550000,30ml
35,Nước Hoa Nữ Verites After The Rain,After The Rain Inspired By My Burberry,191000,20%,239000,50ml
36,Nước Hoa Nam Versace Eros Flame EDP,Eros Flame Eau de Parfum Spray,2236000,19%,2761000,100ml
37,Xịt Thơm Toàn Thân Malissa Kiss Hương Lost In Paradise,Perfume Body Mist,134000,21%,169000,88ml
38,Xịt Thơm Toàn Thân Malissa Kiss Hương Nước Hoa Delight,Perfume Mist,134000,21%,169000,88ml
39,Xịt Thơm Toàn Thân Malissa Kiss Hương Fresh Escape,Perfume Mist,84000,50%,169000,88ml
40,Nước Hoa Nam Gota Urban Eau de Parfum,Urban Perfume For Men Eau de Parfum,208000,30%,296000,50ml
41,Xịt Thơm Toàn Thân Malissa Kiss Sweet Vanilla Cotton,Perfume Body Mist,134000,21%,169000,88ml
42,Nước Hoa Nữ De Memoria #01 Spello Hương Mê Hoặc,Eau De Parfum,353000,36%,550000,30ml
43,Nước Hoa Vùng Kín Foellie Hương Gỗ Tươi Mát,Inner Perfume #Eau De Foret,179000,17%,215000,5ml
44,Nước Hoa Nam Nữ Verites Siren,Siren Inspired By Good Girl Velvet Fatale,191000,20%,239000,50ml
45,Xịt Thơm Toàn Thân Bodymiss Hương Funky Fresh,,109000,30%,156000,105ml
46,Bộ 3 Chai Nước Hoa Nam Nerman 4000/chai,"Hương Thơm Mạnh Mẽ Lôi Cuốn, Lưu Hương Tới 8H",476000,5%,499000,10ml
47,Xịt Thơm Toàn Thân Và Tóc Silkygirl Hương Love Bloom,Fragrance Mist Hair And Body #Love Bloom,98000,1%,99000,50ml
48,Xịt Thơm Toàn Thân Malissa Kiss Hương Nước Hoa Charm,Perfume Mist,134000,21%,169000,88ml
49,Nước Hoa Vùng Kín Foellie Hương Hoa Anh Đào,Inner Perfume #Eau De Cherry Blossom,179000,49%,350000,5ml
50,Nước Hoa Nữ Verites Joie De Vivre,Joie De Vivre Inspired by Miss Dior,191000,20%,239000,50ml
51,Nước Hoa Nam Laura Anne Mystic For Him (Đen),Eau de Parfum,184000,38%,299000,50ml
52,Nước Hoa Vùng Kín Nữ Loli And The Wolf Midnight Forest,Hương Hoa Ngọt Ngào Quyến Rũ Lãng Mạn,248000,17%,300000,8ml
53,Xịt Thơm Toàn Thân Bodymiss Hương Funky Fresh,,54000,32%,79000,35ml
54,Nước Hoa Nữ Verites Secretly Sexy,Secretly Sexy Inspired By Victoria's Secret Very Sexy,191000,20%,239000,50ml
55,Nước Hoa Nam Verites Savage Trail,Savage Trail Inspired by Dior Sauvage,191000,20%,239000,50ml
56,Xịt Thơm Toàn Thân Và Tóc Silkygirl Hương Magic Dream,Fragrance Mist Hair And Body #Magic Dream,98000,1%,99000,50ml
57,Xịt Thơm Toàn Thân Bodymiss Hương Stop & Stare,,109000,30%,156000,105ml
58,Nước Hoa Vùng Kín Foellie Hương Hoa Ngọc Lan Tây,Inner Perfume #Eau De Bebe,179000,49%,350000,5ml
59,Xịt Thơm Toàn Thân Bodymiss Hương Blinded Love,,54000,32%,79000,35ml
60,Xịt Thơm Toàn Thân Bodymiss Hương Hide & Seek,,54000,32%,79000,35ml
61,Nước Hoa Nam Nữ De Memoria EDP #09 Lampang,Eau De Parfum,370000,33%,550000,30ml
62,Nước Hoa Vùng Kín Foellie Hương Dâu Tây Bản XO Giới Hạn,Inner Perfume #Eau De Miel,179000,49%,350000,5ml
63,Xịt Thơm Toàn Thân Bodymiss Hương Hide & Seek,,109000,30%,156000,105ml
64,Nước Hoa Nam Laura Anne Allure For Him (Đỏ),Eau de Parfum,149000,50%,299000,50ml
65,Nước Hoa Vùng Kín Foellie Hương Biển Thơm Mát,Inner Perfume #Eau De Vogue,179000,17%,215000,5ml
66,Xịt Thơm Toàn Thân Malissa Kiss Hương Happy Sundae,Perfume Mist,84000,50%,169000,88ml
67,"Nước Hoa Nữ Verites Her Summer Nữ Tính, Dịu Dàng",,231000,20%,289000,50ml
68,Xịt Thơm Toàn Thân Bodymiss Hương Care Free,,54000,32%,79000,35ml
69,Nước Hoa Nam Nữ De Memoria EDP #10 Jiufen,Eau De Parfum,354000,36%,550000,30ml
70,Xịt Thơm Toàn Thân Bodymiss Hương Money Honey,,109000,30%,156000,105ml
71,Xịt Thơm Toàn Thân Malissa Kiss Hương Call Me Maybe,Perfume Mist,134000,21%,169000,88ml
72,Xịt Thơm Toàn Thân Malissa Kiss Hương Nước Hoa Tender,Perfume Mist,134000,21%,169000,88ml
73,Xịt Thơm Toàn Thân Malissa Kiss Hương Cozy Beach,Perfume Mist,84000,50%,169000,88ml
75,Nước Hoa Nam Nữ Verites Santal Lab,Santal Lab Inspired By Le Labo Santal 33,239000,0%,239000,50ml
76,Xịt Thơm Toàn Thân Malissa Kiss Hương Nước Hoa Fierce,Perfume Mist,134000,21%,169000,88ml
77,Xịt Thơm Toàn Thân Bodymiss Hương Money Honey,,54000,32%,79000,35ml
78,Combo 2 Xịt Thơm Toàn Thân Và Tóc Silkygirl Hương Love Bloom + Floral Blush,Fragrance Mist Hair And Body #Love Bloom & #Floral Blush,160000,9%,176000,50ml
79,[Mini] Nước Hoa Nam Calvin Klein Defy For Men EDT,Defy For Men Eau de Toilette,380000,0%,380000,10ml
80,Nước Hoa Nữ Gennie Little Rose Dress Bản Giới Hạn,Little Rose Dress For Her,90000,50%,179000,10ml
81,Nước Hoa Nữ De Memoria EDP #07 Hoian,Eau De Parfum,354000,36%,550000,30ml
82,Nước Hoa Vùng Kín Foellie Cherry Đen Bản Giới Hạn,Inner Perfume #Eau De Noir,160000,54%,350000,5ml
83,"Nước Hoa Nữ Verites Beach Bomb Nhẹ Nhàng, Tươi Mát",,231000,20%,289000,50ml
84,"Nước Hoa Nam Verites De Club Cuốn Hút, Lịch Lãm",,231000,20%,289000,50ml
85,Combo 2 Xịt Thơm Toàn Thân Và Tóc Silkygirl Hương Magic Dream + Love Bloom,Fragrance Mist Hair And Body #Magic Dream & #Love Bloom,184000,7%,198000,50ml
86,Xịt Thơm Toàn Thân Và Tóc Silkygirl Hương Floral Blush,Fragrance Mist Hair And Body #Floral Blush,98000,1%,99000,50ml
87,Nước Hoa Unisex Verites Chasing Cloud Tươi Mới,,231000,20%,289000,50ml
88,Nước Hoa Nữ Laura Anne Mystic For Her (Xám),Eau de Parfum,187000,37%,299000,50ml
89,Nước Hoa Nam Laura Anne Dynamic For Him (Xanh),Dynamic For Him,223000,25%,299000,50ml
90,Xịt Thơm Toàn Thân Malissa Kiss Hương Nước Hoa Desire,Perfume Mist,134000,21%,169000,88ml
91,Xịt Thơm Toàn Thân Malissa Kiss Hương Nước Hoa Sweetie,Perfume Mist,134000,21%,169000,88ml
92,Xịt Thơm Toàn Thân Malissa Kiss Hương Nước Hoa Hottie,Perfume Mist,134000,21%,169000,88ml
93,Xịt Thơm Toàn Thân Kiss My Body Sweetie,Perfume Mist,168000,1%,169000,88ml
94,Nước Hoa Nữ Armaf Club De Nuit Woman,Club De Nuit Woman EDP,628000,29%,890000,105ml
95,Xịt Thơm Toàn Thân Kiss My Body Hương Crazy In Love,Perfume Mist,143000,15%,169000,88ml
96,Xịt Thơm Toàn Thân Kiss My Body Sweet Vanilla Cotton,Perfume Mist,143000,15%,169000,88ml
97,Xịt Thơm Toàn Thân Kiss My Body Hương Delight,Perfume Mist,143000,15%,169000,88ml
98,Combo 2 Xịt Thơm Toàn Thân Và Tóc Silkygirl Hương Magic Dream + Floral Blush,Fragrance Mist Hair And Body #Magic Dream & #Floral Blush,184000,7%,198000,50ml
99,Nước Hoa Nữ Narciso Rodriguez Musc Noir For Her EDP,Eau De Parfum,1746000,10%,1940000,30ml
100,Nước Hoa Nữ Chloé Love Story EDP,Eau De Parfum,1685000,29%,2360000,30ml
101,Nước Hoa Nữ Narciso Rodriguez For Her EDP,Eau De Parfum,1746000,10%,1940000,30ml
102,Nước Hoa Nữ Narciso Rodriguez Ambrée EDP,Eau De Parfum,1674000,15%,1970000,30ml
103,Nước Hoa Nữ Narciso Rodriguez Pure Musc For Her EDP,Eau De Parfum,1746000,10%,1940000,30ml
104,Nước Hoa Nữ Narciso Rodriguez For Her EDP,Eau De Parfum,2610000,10%,2900000,50ml
105,Nước Hoa Nữ Narciso Rodriguez For Her EDP,Eau De Parfum,3447000,10%,3830000,100ml
106,Nước Hoa Nữ Narciso Rodriguez For Her EDT,Eau De Toilette,2475000,29%,3470000,100ml
107,Nước Hoa Nữ Marc Jacobs Daisy Ever So Fresh EDP,Eau De Parfum,1800000,19%,2220000,30ml
108,Nước Hoa Nữ Narciso Rodriguez For Her EDT,Eau De Toilette,1690000,35%,2610000,50ml
109,Nước Hoa Nữ Narciso Rodriguez Pure Musc For Her EDP,Eau De Parfum,3637000,5%,3830000,100ml
110,Nước Hoa Nam Tommy Impact Intense EDP,Impact Intense Eau De Perfume,2250000,0%,2250000,50ml
111,Nước Hoa Nam De Memoria EDP #12 Bagan,Eau De Parfum,370000,33%,550000,30ml
112,Nước Hoa Nữ Carolina Herrera Very Good Girl Glam EDP,Very Good Girl Glam Eau De Parfum,3933000,10%,4370000,80ml
113,Nước Hoa Nữ Marc Jacobs Daisy Love EDT,Eau De Toilette,1160000,40%,1940000,30ml
114,Nước Hoa Nữ Tommy Now Girl EDT,Now Girl Eau De Toilette,1360000,0%,1360000,30ml
115,Nước Hoa Nam Tommy Now EDT,Now Eau De Toilette,1360000,0%,1360000,30ml
116,Nước Hoa Nữ Carolina Herrera Very Good Girl EDP,Very Good Girl Eau De Parfum,1980000,10%,2200000,30ml
117,Nước Hoa Nam TOMMY Cologne EDT,Cologne Spray,899000,34%,1360000,30ml
118,Nước Hoa Nữ Marc Jacobs Daisy Dream EDT,Eau De Toilette,989000,14%,1150000,30ml
119,Nước Hoa Nữ Issey Miyake L'Eau D'Issey EDT,Eau De Toilette,2034000,10%,2260000,50ml
120,Nước Hoa Nam Issey Miyake L'Eau D'Issey Eau & Cèdre,Pour Homme Eau De Toilette Intense,2583000,10%,2870000,100ml
121,Nước Hoa Nữ Issey Miyake A Drop D'Issey EDP,Eau De Parfum,2925000,10%,3250000,90ml
122,Nước Hoa Nam Tommy Impact EDT,Impact Intense Eau De Toilette,2130000,0%,2130000,50ml
123,Nước Hoa Nam Calvin Klein Defy For Men EDT,Eau De Toilette,679000,47%,1290000,30ml
124,Nước Hoa Nữ Laura Anne Dynamic For Her (Xanh),Eau de Parfum,198000,34%,299000,50ml
125,Nước Hoa Nữ Issey Miyake A Drop D'Issey EDP Fraiche,Eau De Parfum Fraiche,1521000,10%,1690000,30ml
126,Nước Hoa Nam Nữ Calvin Klein One EDT,Eau De Toilette,813000,45%,1470000,50ml
127,Nước Hoa Nữ Tommy Girl Cologne EDT,Tommy Girl Cologne Eau de Toilette Spray,839000,38%,1360000,30ml
128,Nước Hoa Nữ Marc Jacobs Daisy Love Eau So Sweet EDT,Eau De Toilette,1750000,10%,1940000,30ml
129,"Nước Hoa Nữ Verites Starstruck Ngọt Ngào, Quyến Rũ",,231000,20%,289000,50ml
130,"Nước Hoa Nữ Verites Midnight Bloom Quyến Rũ, Thanh Lịch",,231000,20%,289000,50ml
131,[HSD 02/2025] Nước Hoa Nam De Memoria EDP #12 Bagan,Eau De Parfum,333000,0%,333000,30ml
132,Nước Hoa Nam Nữ De Memoria EDP #11 Tai O,Eau De Parfum,354000,36%,550000,30ml
133,Nước Hoa Nam Versace Eros Flame EDP,Eros Flame Eau de Parfum Spray,1316000,40%,2189000,50ml
134,[HSD 06/2024] Xịt Thơm Toàn Thân Bodymiss Hương Money Honey,,44000,44%,79000,35ml
135,Nước Hoa Nam Moschino Toy Boy EDP,,2255000,0%,2255000,100ml
136,Nước Hoa Nam Versace Pour Homme Dylan Blue EDT,Pour Homme Dylan Blue Eau De Toilette,1815000,25%,2420000,100ml
137,Nước Hoa Nữ Jean Paul Gaultier Scandal EDP,Scandal Eau De Parfum Spray,1890000,10%,2100000,30ml
138,Nước Hoa Nữ Chloé Nomade EDP,Eau De Parfum,1850000,18%,2250000,30ml
139,Nước Hoa Nữ Burberry Her Blossom EDT,Her Blossom Eau de Toilette,2703000,33%,4030000,100ml
140,[HSD 02/2025] Nước Hoa Nữ De Memoria EDP #07 Hoian,Eau De Parfum,319000,0%,319000,30ml
141,Nước Hoa Nữ Marc Jacobs Perfect EDP,Perfect Eau De Parfum,2589000,37%,4110000,100ml
142,Nước Hoa Nữ Chloé L'Eau Eau De Toilette,L'Eau Eau De Toilette,2835000,31%,4130000,100ml
143,Nước Hoa Nữ Chloé Nomade EDP,Eau De Parfum,2932000,32%,4290000,75ml
144,Nước Hoa Nam Lacoste Match Point EDT,Match Point Eau de Toilette,1788000,40%,2970000,100ml
145,Nước Hoa Nữ Signorina Misteriosa,Signorina Misteriosa Eau de Parfum,1820000,22%,2330000,100ml
146,[HSD 06/2024] Xịt Thơm Toàn Thân Bodymiss Hương Blinded Love,,44000,44%,79000,35ml
147,[HSD 03/2025] Nước Hoa Nữ Chloé L'Eau Eau De Toilette,L'Eau Eau De Toilette,2268000,45%,4130000,100ml
148,Nước Hoa Nam Versace Man Eau Fraiche EDT,Eau Fraiche Eau De Toilette,1862000,19%,2299000,100ml
149,Nước Hoa Nữ Moschino Toy 2 EDP,Toy 2 Eau De Parfum,1540000,37%,2442000,100ml
150,Nước Hoa Nữ Burberry Her EDP,Her Eau De Parfum,2967000,41%,4990000,100ml
151,[HSD 06/2024] Xịt Thơm Toàn Thân Bodymiss Hương Care Free,,44000,44%,79000,35ml
152,Combo Nước Hoa 2 Đầu Silkygirl Hương 02 Love + 03 Joyful,EDP Duo Rollerball,212000,10%,236000,100ml
153,Nước Hoa Nữ Versace Yellow Diamond EDT,Yellow Diamond Eau De Toilette Natural Spray,1989000,26%,2706000,90ml
154,Nước Hoa Nam Versace Pour Homme Eau De Toilette,Pour Homme Eau De Toilette,1544000,35%,2376000,100ml
155,[HSD 02/2025] Nước Hoa Nữ Laura Anne Dynamic For Her (Xanh),Eau de Parfum,189000,37%,299000,50ml
156,[HSD 07/2024] Xịt Thơm Toàn Thân Bodymiss Hương Blinded Love,,44000,44%,79000,35ml
157,[HSD 02/2025] Nước Hoa Nam Nữ De Memoria EDP #09 Lampang,Eau De Parfum,333000,0%,333000,30ml
158,[HSD 06/2024] Xịt Thơm Toàn Thân Bodymiss Hương Funky Fresh,,44000,44%,79000,35ml
159,Nước Hoa Nữ Marc Jacobs Daisy Intense EDP,Daisy Intense Eau De Parfum,1264000,45%,2290000,30ml
160,Nước Hoa Nam Calvin Klein Euphoria For Men EDT,Euphoria For Men Eau de Toilette,1677000,40%,2780000,100ml
161,Combo Malissa Kiss Dưỡng Thể & Xịt Thơm Sweet Vanilla Cotton,,304000,10%,338000,100ml
162,[HSD 01/2025] Nước Hoa Nữ Marc Jacobs Daisy Intense EDP,Daisy Intense Eau De Parfum,203000,30%,290000,4ml
163,[Mini] Nước Hoa Nữ Burberry Her Blossom EDT 1.,,68000,1%,69000,5ml
164,Nước Hoa Nữ Lancôme La Vie Est Belle Bản Giới Hạn OUI,La Vie Est Belle Oui L'eau De Parfum D'exception,2239000,17%,2700000,50ml
165,Nước Hoa Nữ Chloé Eau De Parfum,,2843000,34%,4290000,75ml
166,Combo Malissa Kiss Dưỡng Thể & Xịt Thơm Happy Sundae,,304000,10%,338000,100ml
167,[HSD 02/2025] Nước Hoa Nữ Laura Anne Mystic For Her (Xám),Eau de Parfum,156000,0%,156000,50ml
168,Nước Hoa Nam Mr.Burberry Indigo EDT,Indigo For Men EDT Spray,1509000,31%,2180000,50ml
169,[HSD 06/2024] Xịt Thơm Toàn Thân Bodymiss Hương Stop & Stare,,44000,44%,79000,35ml
170,[HSD 07/2024] Xịt Thơm Toàn Thân Bodymiss Hương Funky Fresh,,44000,44%,79000,35ml
171,Nước Hoa Nam Calvin Klein Free Eau De Toilette,Free EDT Spray,983000,48%,1880000,50ml
172,Nước Hoa Nam Versace Eros EDP,Eros Eau De Parfum Natural Spray,1930000,30%,2761000,100ml
173,Nước Hoa Nữ Versace Bright Crystal EDT,Bright Crystal Eau De Toilette,1488000,46%,2760000,90ml
174,Nước Hoa Nam Gota Bouncy Eau de Parfum,Bouncy Perfume For Men Eau de Parfum,148000,50%,296000,50ml
175,Nước Hoa Nữ Salvatore Ferragamo Signorina Ribelle EDP,,1800000,44%,3223000,100ml
176,Xịt Thơm Toàn Thân Kiss My Body Adore You,Perfume Mist,168000,1%,169000,88ml
177,[HSD 07/2024] Xịt Thơm Toàn Thân Và Tóc Silkygirl Hương Magic Dream,Fragrance Mist Hair And Body #Magic Dream,45000,55%,99000,50ml
178,Xịt Nước Hoa Hằng Ngày X-Men Hương Tươi Mát,Everyday Perfume Mann Up Air,99000,6%,105000,50ml
179,Nước Hoa Nữ Narciso Rodriguez Pure Musc For Her EDP,Eau De Parfum,2610000,10%,2900000,50ml
180,Nước Hoa Nữ Versace Pour Femme Dylan Blue EDP,Pour Femme Dylan Blue Eau De Parfum Spray,2152000,35%,3311000,100ml
181,[HSD 07/2024] Nước Hoa Nữ Trussardi Sound Of Donna EDP,Sound Of Donna Eau De Parfum Spray,726000,70%,2420000,100ml
182,Nước Hoa Vùng Kín Nam Loli & The Wolf Dark Monster,Hương Gỗ Tuyết Tùng Nam Tính Cuốn Hút,248000,17%,300000,10ml
183,Xịt Thơm Toàn Thân Kiss My Body Sweet Poison,Perfume Mist,168000,1%,169000,88ml
184,Xịt Thơm Toàn Thân Bodymiss Hương Blinded Love,,106000,32%,156000,105ml
185,[HSD 12/2024] Xịt Thơm Toàn Thân Malissa Kiss Hương Happy Sundae,Perfume Mist,77000,54%,169000,88ml
186,[HSD 11/2024] Xịt Thơm Toàn Thân Và Tóc Silkygirl Hương Floral Blush,Fragrance Mist Hair And Body #Floral Blush,44000,56%,99000,50ml
187,[HSD 01/2025] Xịt Thơm Toàn Thân Malissa Kiss Hương Cozy Beach,Perfume Mist,77000,54%,169000,88ml
188,[HSD 10/2024] Xịt Thơm Toàn Thân Và Tóc Silkygirl Hương Love Bloom,Fragrance Mist Hair And Body #Love Bloom,79000,20%,99000,50ml
189,Nước Hoa Nữ Marc Jacobs Daisy EDT,Daisy Eau De Toilette,2249000,37%,3570000,100ml
190,Xịt Thơm Toàn Thân Kiss My Body Hottie,Perfume Mist,168000,1%,169000,88ml
191,Nước hoa Dolce&Gabbana The One Gold Pour Homme EDP Intense,Dolce & Gabbana,4032000,4%,4200000,100ml
192,Nước hoa Dolce&Gabbana K Pour Homme EDP Intense,Dolce & Gabbana,3628000,4%,3780000,100ml
193,Nước hoa Dolce & Gabbana Intenso Pour Homme EDP,Dolce & Gabbana,2736000,4%,2850000,100ml
194,Nước hoa YSL La Nuit de L’Homme EDT,Yves Saint Laurent,4051000,4%,4220000,100ml
195,Narciso Rodriguez Vetiver Musc For Him EDT,Narciso Rodriguez,2593000,5%,2730000,100ml
196,Nước hoa YSL Y Le Parfum EDP,Yves Saint Laurent,5241000,4%,5460000,100ml
197,Nước hoa Mcm Onyx EDP,MCM,2014000,8%,2190000,100ml
198,Nước hoa JPG LE MALE ELIXIR 23 EDP,Jean Paul Gaultier,3667000,5%,3860000,100ml
199,Nước hoa L'HOMME LE PARFUM EDP,Yves Saint Laurent,4617000,4%,4810000,100ml
200,Sữa tắm CALVIN KLEIN DEFY FOR MEN HAIR & BODY WASH,Calvin Klein,460000,8%,500000,100ml
201,Nước hoa Valentino Uomo Born In Roma Coral Fantasy EDT,Valentino,2745000,5%,2890000,100ml
202,Nước hoa Valentino Uomo Born In Roma Yellow Dream EDT,Valentino,2745000,5%,2890000,100ml
203,Nước hoa Valentino Uomo Born In Roma EDT,Valentino,2745000,5%,2890000,100ml
204,Nước hoa Valentino Uomo EDT,Valentino,2745000,5%,2890000,100ml
205,Nước Hoa Azzaro The Most Wanted EDP Intense,Azzaro,2658000,8%,2890000,100ml
206,Nước hoa Giorgio Armani Acqua Di Gio Parfum Vaporisateur Rechargeable Refillable Spray,Giorgio Armani,1851000,5%,1949000,100ml
207,Nước hoa Gucci Guilty Elixir De Parfum Pour Homme,Gucci,4066000,5%,4280000,100ml
208,Nước hoa Hugo Boss Bottled Elixir,Hugo Boss,3413000,8%,3710000,100ml
209,Nước hoa Calvin Klein Defy Parfum,Calvin Klein,3808000,8%,4140000,100ml
210,Nước hoa Hugo Boss Boss Bottled Parfum,Hugo Boss,4075000,8%,4430000,100ml
211,Nước hoa Montblanc Explorer Platinum EDP,Mont Blanc,2802000,5%,2950000,100ml
212,Nước hoa Coach Green EDT,Coach,2208000,8%,2400000,100ml
213,Nước Hoa Giorgio Armani Acqua Di Gio For Men EDT,Giorgio Armani,2896000,5%,3049000,100ml
214,Nước hoa Armani Code For Men EDT,Giorgio Armani,2612000,5%,2750000,100ml
215,Nước hoa Y EDP,Yves Saint Laurent,4406000,4%,4590000,100ml
216,Nước hoa Prada Luna Rossa EDT,Prada,2894000,5%,3047000,100ml
217,Nước Hoa Prada Luna Rossa Ocean EDT,Prada,2894000,5%,3047000,100ml
218,Nước hoa Giorgio Armani Acqua Di Gio EDP,Giorgio Armani,3751000,5%,3949000,100ml
219,Nước hoa Dolce&Gabbana Light Blue Summer Vibes Pour Homme EDT,Dolce & Gabbana,3408000,4%,3550000,100ml
220,Nước hoa Scandal Pour Homme Le Parfum EDP,Jean Paul Gaultier,3534000,5%,3720000,100ml
221,Nước hoa Versace Eros Parfum,Versace,3116000,8%,3388000,100ml
222,Nước hoa Calvin Klein Defy EDP,Calvin Klein,2769000,8%,3010000,100ml
223,Nước hoa Burberry Hero EDP,Burberry,4626000,5%,4870000,100ml
224,Nước hoa Burberry Hero EDP,Burberry,451000,5%,475000,100ml
225,Nước hoa Gucci Guilty Pour Homme Parfum,Gucci,4750000,5%,5000000,100ml
226,Nước hoa Paco Rabanne Fame EDP,Paco Rabanne,3847000,5%,4050000,100ml
227,Nước hoa Yves Saint Laurent Libre L'Absolu Platin EDP,Yves Saint Laurent,5299000,4%,5520000,100ml
228,Nước hoa Calvin Klein My Euphoria EDP,Calvin Klein,3275000,8%,3560000,100ml
229,Nước hoa Paco Rabanne Fame Intense EDP,Paco Rabanne,4560000,5%,4800000,100ml
230,Nước hoa Dolce & Gabbana The Only One EDP Intense,Dolce & Gabbana,5040000,4%,5250000,100ml
231,Nước hoa Dolce&Gabbana The One Gold EDP Intense,Dolce & Gabbana,4656000,4%,4850000,100ml
232,Nước hoa Dolce & Gabbana Q EDP Intense,Dolce & Gabbana,4896000,4%,5100000,100ml
233,Nước hoa L'Eau d'IsseySolar Violet EDTI,Issey Miyake,3078000,5%,3240000,100ml
234,Nước hoa L'Eau d'Issey pour Homme Solar Lavender EDTI,Issey Miyake,1957000,5%,2060000,100ml
235,Giftset YSL Black Opium EDP 4PCS,Yves Saint Laurent,3715000,4%,3870000,100ml
236,Giftset YSL Black Opium EDP 3PCS,Yves Saint Laurent,3897000,4%,4060000,100ml
237,Nước hoa Carolina Herrera Good Girl EDP,Carolina Herrera,1909000,5%,2010000,100ml
238,Giftset YSL Libre EDP 3PCS,Yves Saint Laurent,3715000,4%,3870000,100ml
239,Giftset YSL Libre EDP 3PCS,Yves Saint Laurent,4848000,4%,5050000,100ml
240,Issey Miyake Ladies A Drop D'issey Essentielle EDP,Issey Miyake,3116000,5%,3280000,100ml
241,Narciso Rodriguez Musc Nude For Her EDP,Narciso Rodriguez,3657000,5%,3850000,100ml
242,Nước hoa Chloé Signature Lumineuse Roses EDP,Chloe,4949000,8%,5380000,100ml
243,Nước hoa Burberry Her Petals Limited Edition,Burberry,4797000,5%,5050000,100ml
244,Giftset Lancôme Miracle EDP 3PCS,Lancôme,2016000,4%,2100000,100ml
245,Giftset Lancôme La Nuit Tresor 3PCS,Lancôme,2688000,4%,2800000,100ml
246,Nước hoa Valentino Donna Born In Roma Intense EDP,Valentino,4493000,5%,4730000,100ml
247,NƯỚC HOA LANCÔME LA VIE EST BELLE IRIS ABSOLU EDP,Lancôme,4704000,4%,4900000,100ml
248,Nước hoa LIBRE EDT,Yves Saint Laurent,4550000,4%,4740000,100ml
249,Nước hoa Black Opium EDP,Yves Saint Laurent,4848000,4%,5050000,100ml
250,Nước hoa Coach Love EDP,Coach,2668000,8%,2900000,100ml
251,Nước hoa JPG FEMME DIVINE 23 EDP,Jean Paul Gaultier,2118000,5%,2230000,100ml
252,Nước hoa Giorgio Armani My Way Parfum EDP,Giorgio Armani,3469000,5%,3652000,100ml
253,Nước hoa Giorgio Armani Sì Passione Eclat EDP,Giorgio Armani,3895000,5%,4100000,100ml
254,Nước hoa Giorgio Armani Sì Passione Intense EDP,Giorgio Armani,3410000,5%,3590000,100ml
255,Nước hoa Giorgio Armani Si EDP,Giorgio Armani,3895000,5%,4100000,100ml
256,Nước hoa Mon Paris Intensement EDP,Yves Saint Laurent,5030000,4%,5240000,100ml
257,NƯỚC HOA YSL LIBRE EDP - HOL 2023 OS,Yves Saint Laurent,3715000,4%,3870000,100ml
258,Nước hoa Valentino Valentina EDP,Valentino,3270000,5%,3443000,100ml
259,Nước hoa Valentino Donna Born In Roma Coral Fantasy EDP,Valentino,4131000,5%,4349000,100ml
260,Nước hoa Valentino Donna Born In Roma Yellow Dream EDP,Valentino,4131000,5%,4349000,100ml
261,Nước hoa Valentino Donna Born In Roma EDP,Valentino,4131000,5%,4349000,100ml
262,Nước hoa Valentino Donna EDP,Valentino,4132000,5%,4350000,100ml
263,Nước Hoa Nữ Diamond Femme (Trắng),Eau De Parfum,602000,45%,1098000,90ml
264,Nước Hoa Vùng Kín Foellie Hương Hoa Hồng Mạnh Mẽ,Inner Perfume #Eau De Bijou,288000,59%,700000,10ml
265,Nước Hoa Nữ Diamond Femme Pink (Hồng),Eau De Parfum,550000,50%,1098000,90ml
266,Nước Hoa Nam Diamond Homme (Đen),Eau De Parfum,550000,50%,1098000,90ml
267,Nước Hoa Nữ Diamond Femme Ruby Red (Đỏ),Eau De Parfum,602000,45%,1098000,90ml
268,Nước Hoa Nữ Gennie Little Gold Dress,Little Gold Dress,292000,33%,438000,100ml
269,Nước Hoa Vùng Kín Foellie Hương Trái Cây Ngọt Ngào,Inner Perfume #Eau De Fleur,358000,49%,700000,10ml
270,Nước Hoa Nữ Gennie Little Black Dress,Little Black Dress,292000,33%,438000,100ml
271,Xịt Thơm Toàn Thân Malissa Kiss Hương Crazy in Love,Perfume Body Mist,268000,21%,338000,176ml
273,Nước Hoa Nữ De Memoria EDP #05 Montpellier,Eau De Parfum,708000,36%,1100000,60ml
274,Nước Hoa Nữ De Memoria #02 Val De Loire Hương Tươi Mát,Eau De Parfum,708000,36%,1100000,60ml
275,Xịt Thơm Toàn Thân Bodymiss Hương Stop & Stare,,108000,32%,158000,70ml
276,Nước Hoa Nữ Gennie Little Red Dress,Little Red Dress,220000,50%,438000,100ml
277,Nước Hoa Nam Gota Iconic Eau de Parfum,Iconic Perfume For Men Eau de Parfum,296000,50%,592000,100ml
279,Nước Hoa Nữ De Memoria EDP #04 Dresden,Eau De Parfum,708000,36%,1100000,60ml
280,Nước Hoa Vùng Kín Foellie Hương Hoa Hồng Trắng,Inner Perfume #Eau De Ciel,358000,49%,700000,10ml
281,Nước Hoa Nam Diamond Homme Dark Blue (Xanh),Eau De Parfum,602000,45%,1098000,90ml
282,Nước Hoa Nữ Gennie Little Rose Dress Bản Giới Hạn,Little Rose Dress For Her,350000,50%,698000,100ml
283,Nước Hoa Vùng Kín Foellie Hoa Đinh Hương Bản Giới Hạn,Inner Perfume #Eau De Tuileries,378000,46%,700000,10ml
284,Nước Hoa Nữ Versace Bright Crystal Absolu EDP,Bright Crystal Absolu Eau de Parfum Natural Spray,3578000,39%,5830000,180ml
285,Nước Hoa Nam Diamond Homme Brown (Nâu),Eau De Parfum,602000,40%,998000,90ml
286,Nước Hoa Nữ Carolina Herrera Good Girl EDP,Good Girl Eau De Parfum Natural Spray,3618000,10%,4020000,60ml
287,Xịt Thơm Toàn Thân Malissa Kiss Hương Sweet Poison,Perfume Mist,268000,21%,338000,176ml
288,Xịt Thơm Toàn Thân Malissa Kiss Hương Adore You,Perfume Mist,268000,21%,338000,176ml
289,Nước Hoa Nam Versace Pour Homme EDT,Pour Homme Eau De Toilette Spray,2886000,19%,3564000,100ml
290,Nước Hoa Nữ Laura Anne Allure For Her (Hồng),Eau de Parfum,368000,38%,598000,100ml
291,Nước Hoa Nữ Lancôme La Nuit Tresor EDP,La Nuit Tresor Eau De Parfum,5640000,9%,6200000,150ml
292,Nước Hoa Nam Paco Rabanne 1 Million Parfum EDP,1 Million Parfum EDP,6048000,10%,6720000,200ml
293,Xịt Thơm Toàn Thân Malissa Kiss Hương Nước Hoa Passion,Perfume Mist,268000,21%,338000,176ml
294,Nước Hoa Nữ Versace Bright Crystal EDT,Bright Crystal Eau de Toilette Spray,2380000,59%,5810000,100ml
295,Nước Hoa Vùng Kín Foellie Hương Hoa Nhài Bản Giới Hạn,Inner Perfume #Eau De Venus,328000,53%,700000,10ml
296,Nước Hoa Nữ De Memoria EDP #03 Granada,Eau De Parfum,708000,36%,1100000,60ml
297,Nước Hoa Nữ De Memoria EDP #06 Grasse,Eau De Parfum,708000,36%,1100000,60ml
298,Nước Hoa Nữ Verites After The Rain,After The Rain Inspired By My Burberry,382000,20%,478000,100ml
299,Nước Hoa Nam Versace Eros Flame EDP,Eros Flame Eau de Parfum Spray,4472000,19%,5522000,200ml
300,Xịt Thơm Toàn Thân Malissa Kiss Hương Lost In Paradise,Perfume Body Mist,268000,21%,338000,176ml
301,Xịt Thơm Toàn Thân Malissa Kiss Hương Nước Hoa Delight,Perfume Mist,268000,21%,338000,176ml
302,Xịt Thơm Toàn Thân Malissa Kiss Hương Fresh Escape,Perfume Mist,168000,50%,338000,176ml
303,Nước Hoa Nam Gota Urban Eau de Parfum,Urban Perfume For Men Eau de Parfum,416000,30%,592000,100ml
304,Xịt Thơm Toàn Thân Malissa Kiss Sweet Vanilla Cotton,Perfume Body Mist,268000,21%,338000,176ml
305,Nước Hoa Nữ De Memoria #01 Spello Hương Mê Hoặc,Eau De Parfum,706000,36%,1100000,60ml
306,Nước Hoa Vùng Kín Foellie Hương Gỗ Tươi Mát,Inner Perfume #Eau De Foret,358000,17%,430000,10ml
307,Nước Hoa Nam Nữ Verites Siren,Siren Inspired By Good Girl Velvet Fatale,382000,20%,478000,100ml
308,Xịt Thơm Toàn Thân Bodymiss Hương Funky Fresh,,218000,30%,312000,210ml
309,Bộ 3 Chai Nước Hoa Nam Nerman 4000/chai,"Hương Thơm Mạnh Mẽ Lôi Cuốn, Lưu Hương Tới 8H",952000,5%,998000,20ml
310,Xịt Thơm Toàn Thân Và Tóc Silkygirl Hương Love Bloom,Fragrance Mist Hair And Body #Love Bloom,196000,1%,198000,100ml
311,Xịt Thơm Toàn Thân Malissa Kiss Hương Nước Hoa Charm,Perfume Mist,268000,21%,338000,176ml
312,Nước Hoa Vùng Kín Foellie Hương Hoa Anh Đào,Inner Perfume #Eau De Cherry Blossom,358000,49%,700000,10ml
313,Nước Hoa Nữ Verites Joie De Vivre,Joie De Vivre Inspired by Miss Dior,382000,20%,478000,100ml
314,Nước Hoa Nam Laura Anne Mystic For Him (Đen),Eau de Parfum,368000,38%,598000,100ml
315,Nước Hoa Vùng Kín Nữ Loli And The Wolf Midnight Forest,Hương Hoa Ngọt Ngào Quyến Rũ Lãng Mạn,496000,17%,600000,16ml
316,Xịt Thơm Toàn Thân Bodymiss Hương Funky Fresh,,108000,32%,158000,70ml
317,Nước Hoa Nữ Verites Secretly Sexy,Secretly Sexy Inspired By Victoria's Secret Very Sexy,382000,20%,478000,100ml
318,Nước Hoa Nam Verites Savage Trail,Savage Trail Inspired by Dior Sauvage,382000,20%,478000,100ml
319,Xịt Thơm Toàn Thân Và Tóc Silkygirl Hương Magic Dream,Fragrance Mist Hair And Body #Magic Dream,196000,1%,198000,100ml
320,Xịt Thơm Toàn Thân Bodymiss Hương Stop & Stare,,218000,30%,312000,210ml
321,Nước Hoa Vùng Kín Foellie Hương Hoa Ngọc Lan Tây,Inner Perfume #Eau De Bebe,358000,49%,700000,10ml
322,Xịt Thơm Toàn Thân Bodymiss Hương Blinded Love,,108000,32%,158000,70ml
323,Xịt Thơm Toàn Thân Bodymiss Hương Hide & Seek,,108000,32%,158000,70ml
324,Nước Hoa Nam Nữ De Memoria EDP #09 Lampang,Eau De Parfum,740000,33%,1100000,60ml
325,Nước Hoa Vùng Kín Foellie Hương Dâu Tây Bản XO Giới Hạn,Inner Perfume #Eau De Miel,358000,49%,700000,10ml
326,Xịt Thơm Toàn Thân Bodymiss Hương Hide & Seek,,218000,30%,312000,210ml
327,Nước Hoa Nam Laura Anne Allure For Him (Đỏ),Eau de Parfum,298000,50%,598000,100ml
328,Nước Hoa Vùng Kín Foellie Hương Biển Thơm Mát,Inner Perfume #Eau De Vogue,358000,17%,430000,10ml
329,Xịt Thơm Toàn Thân Malissa Kiss Hương Happy Sundae,Perfume Mist,168000,50%,338000,176ml
330,"Nước Hoa Nữ Verites Her Summer Nữ Tính, Dịu Dàng",,462000,20%,578000,100ml
331,Xịt Thơm Toàn Thân Bodymiss Hương Care Free,,108000,32%,158000,70ml
332,Nước Hoa Nam Nữ De Memoria EDP #10 Jiufen,Eau De Parfum,708000,36%,1100000,60ml
333,Xịt Thơm Toàn Thân Bodymiss Hương Money Honey,,218000,30%,312000,210ml
334,Xịt Thơm Toàn Thân Malissa Kiss Hương Call Me Maybe,Perfume Mist,268000,21%,338000,176ml
335,Xịt Thơm Toàn Thân Malissa Kiss Hương Nước Hoa Tender,Perfume Mist,268000,21%,338000,176ml
336,Xịt Thơm Toàn Thân Malissa Kiss Hương Cozy Beach,Perfume Mist,168000,50%,338000,176ml
338,Nước Hoa Nam Nữ Verites Santal Lab,Santal Lab Inspired By Le Labo Santal 33,478000,0%,478000,100ml
339,Xịt Thơm Toàn Thân Malissa Kiss Hương Nước Hoa Fierce,Perfume Mist,268000,21%,338000,176ml
340,Xịt Thơm Toàn Thân Bodymiss Hương Money Honey,,108000,32%,158000,70ml
341,Combo 2 Xịt Thơm Toàn Thân Và Tóc Silkygirl Hương Love Bloom + Floral Blush,Fragrance Mist Hair And Body #Love Bloom & #Floral Blush,320000,9%,352000,100ml
342,[Mini] Nước Hoa Nam Calvin Klein Defy For Men EDT,Defy For Men Eau de Toilette,760000,0%,760000,20ml
343,Nước Hoa Nữ Gennie Little Rose Dress Bản Giới Hạn,Little Rose Dress For Her,180000,50%,358000,20ml
344,Nước Hoa Nữ De Memoria EDP #07 Hoian,Eau De Parfum,708000,36%,1100000,60ml
345,Nước Hoa Vùng Kín Foellie Cherry Đen Bản Giới Hạn,Inner Perfume #Eau De Noir,320000,54%,700000,10ml
346,"Nước Hoa Nữ Verites Beach Bomb Nhẹ Nhàng, Tươi Mát",,462000,20%,578000,100ml
347,"Nước Hoa Nam Verites De Club Cuốn Hút, Lịch Lãm",,462000,20%,578000,100ml
348,Combo 2 Xịt Thơm Toàn Thân Và Tóc Silkygirl Hương Magic Dream + Love Bloom,Fragrance Mist Hair And Body #Magic Dream & #Love Bloom,368000,7%,396000,100ml
349,Xịt Thơm Toàn Thân Và Tóc Silkygirl Hương Floral Blush,Fragrance Mist Hair And Body #Floral Blush,196000,1%,198000,100ml
350,Nước Hoa Unisex Verites Chasing Cloud Tươi Mới,,462000,20%,578000,100ml
351,Nước Hoa Nữ Laura Anne Mystic For Her (Xám),Eau de Parfum,374000,37%,598000,100ml
352,Nước Hoa Nam Laura Anne Dynamic For Him (Xanh),Dynamic For Him,446000,25%,598000,100ml
353,Xịt Thơm Toàn Thân Malissa Kiss Hương Nước Hoa Desire,Perfume Mist,268000,21%,338000,176ml
354,Xịt Thơm Toàn Thân Malissa Kiss Hương Nước Hoa Sweetie,Perfume Mist,268000,21%,338000,176ml
355,Xịt Thơm Toàn Thân Malissa Kiss Hương Nước Hoa Hottie,Perfume Mist,268000,21%,338000,176ml
356,Xịt Thơm Toàn Thân Kiss My Body Sweetie,Perfume Mist,336000,1%,338000,176ml
357,Nước Hoa Nữ Armaf Club De Nuit Woman,Club De Nuit Woman EDP,1256000,29%,1780000,210ml
358,Xịt Thơm Toàn Thân Kiss My Body Hương Crazy In Love,Perfume Mist,286000,15%,338000,176ml
359,Xịt Thơm Toàn Thân Kiss My Body Sweet Vanilla Cotton,Perfume Mist,286000,15%,338000,176ml
360,Xịt Thơm Toàn Thân Kiss My Body Hương Delight,Perfume Mist,286000,15%,338000,176ml
361,Combo 2 Xịt Thơm Toàn Thân Và Tóc Silkygirl Hương Magic Dream + Floral Blush,Fragrance Mist Hair And Body #Magic Dream & #Floral Blush,368000,7%,396000,100ml
362,Nước Hoa Nữ Narciso Rodriguez Musc Noir For Her EDP,Eau De Parfum,3492000,10%,3880000,60ml
363,Nước Hoa Nữ Chloé Love Story EDP,Eau De Parfum,3370000,29%,4720000,60ml
364,Nước Hoa Nữ Narciso Rodriguez For Her EDP,Eau De Parfum,3492000,10%,3880000,60ml
365,Nước Hoa Nữ Narciso Rodriguez Ambrée EDP,Eau De Parfum,3348000,15%,3940000,60ml
366,Nước Hoa Nữ Narciso Rodriguez Pure Musc For Her EDP,Eau De Parfum,3492000,10%,3880000,60ml
367,Nước Hoa Nữ Narciso Rodriguez For Her EDP,Eau De Parfum,5220000,10%,5800000,100ml
368,Nước Hoa Nữ Narciso Rodriguez For Her EDP,Eau De Parfum,6894000,10%,7660000,200ml
369,Nước Hoa Nữ Narciso Rodriguez For Her EDT,Eau De Toilette,4950000,29%,6940000,200ml
370,Nước Hoa Nữ Marc Jacobs Daisy Ever So Fresh EDP,Eau De Parfum,3600000,19%,4440000,60ml
371,Nước Hoa Nữ Narciso Rodriguez For Her EDT,Eau De Toilette,3380000,35%,5220000,100ml
372,Nước Hoa Nữ Narciso Rodriguez Pure Musc For Her EDP,Eau De Parfum,7274000,5%,7660000,200ml
373,Nước Hoa Nam Tommy Impact Intense EDP,Impact Intense Eau De Perfume,4500000,0%,4500000,100ml
374,Nước Hoa Nam De Memoria EDP #12 Bagan,Eau De Parfum,740000,33%,1100000,60ml
375,Nước Hoa Nữ Carolina Herrera Very Good Girl Glam EDP,Very Good Girl Glam Eau De Parfum,7866000,10%,8740000,160ml
376,Nước Hoa Nữ Marc Jacobs Daisy Love EDT,Eau De Toilette,2320000,40%,3880000,60ml
377,Nước Hoa Nữ Tommy Now Girl EDT,Now Girl Eau De Toilette,2720000,0%,2720000,60ml
378,Nước Hoa Nam Tommy Now EDT,Now Eau De Toilette,2720000,0%,2720000,60ml
379,Nước Hoa Nữ Carolina Herrera Very Good Girl EDP,Very Good Girl Eau De Parfum,3960000,10%,4400000,60ml
380,Nước Hoa Nam TOMMY Cologne EDT,Cologne Spray,1798000,34%,2720000,60ml
381,Nước Hoa Nữ Marc Jacobs Daisy Dream EDT,Eau De Toilette,1978000,14%,2300000,60ml
382,Nước Hoa Nữ Issey Miyake L'Eau D'Issey EDT,Eau De Toilette,4068000,10%,4520000,100ml
383,Nước Hoa Nam Issey Miyake L'Eau D'Issey Eau & Cèdre,Pour Homme Eau De Toilette Intense,5166000,10%,5740000,200ml
384,Nước Hoa Nữ Issey Miyake A Drop D'Issey EDP,Eau De Parfum,5850000,10%,6500000,180ml
385,Nước Hoa Nam Tommy Impact EDT,Impact Intense Eau De Toilette,4260000,0%,4260000,100ml
386,Nước Hoa Nam Calvin Klein Defy For Men EDT,Eau De Toilette,1358000,47%,2580000,60ml
387,Nước Hoa Nữ Laura Anne Dynamic For Her (Xanh),Eau de Parfum,396000,34%,598000,100ml
388,Nước Hoa Nữ Issey Miyake A Drop D'Issey EDP Fraiche,Eau De Parfum Fraiche,3042000,10%,3380000,60ml
389,Nước Hoa Nam Nữ Calvin Klein One EDT,Eau De Toilette,1626000,45%,2940000,100ml
390,Nước Hoa Nữ Tommy Girl Cologne EDT,Tommy Girl Cologne Eau de Toilette Spray,1678000,38%,2720000,60ml
391,Nước Hoa Nữ Marc Jacobs Daisy Love Eau So Sweet EDT,Eau De Toilette,3500000,10%,3880000,60ml
392,"Nước Hoa Nữ Verites Starstruck Ngọt Ngào, Quyến Rũ",,462000,20%,578000,100ml
393,"Nước Hoa Nữ Verites Midnight Bloom Quyến Rũ, Thanh Lịch",,462000,20%,578000,100ml
394,[HSD 02/2025] Nước Hoa Nam De Memoria EDP #12 Bagan,Eau De Parfum,666000,0%,666000,60ml
395,Nước Hoa Nam Nữ De Memoria EDP #11 Tai O,Eau De Parfum,708000,36%,1100000,60ml
396,Nước Hoa Nam Versace Eros Flame EDP,Eros Flame Eau de Parfum Spray,2632000,40%,4378000,100ml
397,[HSD 06/2024] Xịt Thơm Toàn Thân Bodymiss Hương Money Honey,,88000,44%,158000,70ml
398,Nước Hoa Nam Moschino Toy Boy EDP,,4510000,0%,4510000,200ml
399,Nước Hoa Nam Versace Pour Homme Dylan Blue EDT,Pour Homme Dylan Blue Eau De Toilette,3630000,25%,4840000,200ml
400,Nước Hoa Nữ Jean Paul Gaultier Scandal EDP,Scandal Eau De Parfum Spray,3780000,10%,4200000,60ml
401,Nước Hoa Nữ Chloé Nomade EDP,Eau De Parfum,3700000,18%,4500000,60ml
402,Nước Hoa Nữ Burberry Her Blossom EDT,Her Blossom Eau de Toilette,5406000,33%,8060000,200ml
403,[HSD 02/2025] Nước Hoa Nữ De Memoria EDP #07 Hoian,Eau De Parfum,638000,0%,638000,60ml
404,Nước Hoa Nữ Marc Jacobs Perfect EDP,Perfect Eau De Parfum,5178000,37%,8220000,200ml
405,Nước Hoa Nữ Chloé L'Eau Eau De Toilette,L'Eau Eau De Toilette,5670000,31%,8260000,200ml
406,Nước Hoa Nữ Chloé Nomade EDP,Eau De Parfum,5864000,32%,8580000,150ml
407,Nước Hoa Nam Lacoste Match Point EDT,Match Point Eau de Toilette,3576000,40%,5940000,200ml
408,Nước Hoa Nữ Signorina Misteriosa,Signorina Misteriosa Eau de Parfum,3640000,22%,4660000,200ml
409,[HSD 06/2024] Xịt Thơm Toàn Thân Bodymiss Hương Blinded Love,,88000,44%,158000,70ml
410,[HSD 03/2025] Nước Hoa Nữ Chloé L'Eau Eau De Toilette,L'Eau Eau De Toilette,4536000,45%,8260000,200ml
411,Nước Hoa Nam Versace Man Eau Fraiche EDT,Eau Fraiche Eau De Toilette,3724000,19%,4598000,200ml
412,Nước Hoa Nữ Moschino Toy 2 EDP,Toy 2 Eau De Parfum,3080000,37%,4884000,200ml
413,Nước Hoa Nữ Burberry Her EDP,Her Eau De Parfum,5934000,41%,9980000,200ml
414,[HSD 06/2024] Xịt Thơm Toàn Thân Bodymiss Hương Care Free,,88000,44%,158000,70ml
415,Nước Hoa Nữ Versace Yellow Diamond EDT,Yellow Diamond Eau De Toilette Natural Spray,3978000,26%,5412000,180ml
416,Nước Hoa Nam Versace Pour Homme Eau De Toilette,Pour Homme Eau De Toilette,3088000,35%,4752000,200ml
417,[HSD 02/2025] Nước Hoa Nữ Laura Anne Dynamic For Her (Xanh),Eau de Parfum,378000,37%,598000,100ml
418,[HSD 07/2024] Xịt Thơm Toàn Thân Bodymiss Hương Blinded Love,,88000,44%,158000,70ml
419,[HSD 02/2025] Nước Hoa Nam Nữ De Memoria EDP #09 Lampang,Eau De Parfum,666000,0%,666000,60ml
420,[HSD 06/2024] Xịt Thơm Toàn Thân Bodymiss Hương Funky Fresh,,88000,44%,158000,70ml
421,Nước Hoa Nữ Marc Jacobs Daisy Intense EDP,Daisy Intense Eau De Parfum,2528000,45%,4580000,60ml
422,Nước Hoa Nam Calvin Klein Euphoria For Men EDT,Euphoria For Men Eau de Toilette,3354000,40%,5560000,200ml
423,[HSD 01/2025] Nước Hoa Nữ Marc Jacobs Daisy Intense EDP,Daisy Intense Eau De Parfum,406000,30%,580000,8ml
424,[Mini] Nước Hoa Nữ Burberry Her Blossom EDT 1.,,136000,1%,138000,10ml
425,Nước Hoa Nữ Lancôme La Vie Est Belle Bản Giới Hạn OUI,La Vie Est Belle Oui L'eau De Parfum D'exception,4478000,17%,5400000,100ml
426,Nước Hoa Nữ Chloé Eau De Parfum,,5686000,34%,8580000,150ml
427,[HSD 02/2025] Nước Hoa Nữ Laura Anne Mystic For Her (Xám),Eau de Parfum,312000,0%,312000,100ml
428,Nước Hoa Nam Mr.Burberry Indigo EDT,Indigo For Men EDT Spray,3018000,31%,4360000,100ml
429,[HSD 06/2024] Xịt Thơm Toàn Thân Bodymiss Hương Stop & Stare,,88000,44%,158000,70ml
430,[HSD 07/2024] Xịt Thơm Toàn Thân Bodymiss Hương Funky Fresh,,88000,44%,158000,70ml
431,Nước Hoa Nam Calvin Klein Free Eau De Toilette,Free EDT Spray,1966000,48%,3760000,100ml
432,Nước Hoa Nam Versace Eros EDP,Eros Eau De Parfum Natural Spray,3860000,30%,5522000,200ml
433,Nước Hoa Nữ Versace Bright Crystal EDT,Bright Crystal Eau De Toilette,2976000,46%,5520000,180ml
434,Nước Hoa Nam Gota Bouncy Eau de Parfum,Bouncy Perfume For Men Eau de Parfum,296000,50%,592000,100ml
435,Nước Hoa Nữ Salvatore Ferragamo Signorina Ribelle EDP,,3600000,44%,6446000,200ml
436,Xịt Thơm Toàn Thân Kiss My Body Adore You,Perfume Mist,336000,1%,338000,176ml
437,[HSD 07/2024] Xịt Thơm Toàn Thân Và Tóc Silkygirl Hương Magic Dream,Fragrance Mist Hair And Body #Magic Dream,90000,55%,198000,100ml
438,Xịt Nước Hoa Hằng Ngày X-Men Hương Tươi Mát,Everyday Perfume Mann Up Air,198000,6%,210000,100ml
439,Nước Hoa Nữ Narciso Rodriguez Pure Musc For Her EDP,Eau De Parfum,5220000,10%,5800000,100ml
440,Nước Hoa Nữ Versace Pour Femme Dylan Blue EDP,Pour Femme Dylan Blue Eau De Parfum Spray,4304000,35%,6622000,200ml
441,[HSD 07/2024] Nước Hoa Nữ Trussardi Sound Of Donna EDP,Sound Of Donna Eau De Parfum Spray,1452000,70%,4840000,200ml
442,Nước Hoa Vùng Kín Nam Loli & The Wolf Dark Monster,Hương Gỗ Tuyết Tùng Nam Tính Cuốn Hút,496000,17%,600000,20ml
443,Xịt Thơm Toàn Thân Kiss My Body Sweet Poison,Perfume Mist,336000,1%,338000,176ml
444,Xịt Thơm Toàn Thân Bodymiss Hương Blinded Love,,212000,32%,312000,210ml
445,[HSD 12/2024] Xịt Thơm Toàn Thân Malissa Kiss Hương Happy Sundae,Perfume Mist,154000,54%,338000,176ml
446,[HSD 11/2024] Xịt Thơm Toàn Thân Và Tóc Silkygirl Hương Floral Blush,Fragrance Mist Hair And Body #Floral Blush,88000,56%,198000,100ml
447,[HSD 01/2025] Xịt Thơm Toàn Thân Malissa Kiss Hương Cozy Beach,Perfume Mist,154000,54%,338000,176ml
448,[HSD 10/2024] Xịt Thơm Toàn Thân Và Tóc Silkygirl Hương Love Bloom,Fragrance Mist Hair And Body #Love Bloom,158000,20%,198000,100ml
449,Nước Hoa Nữ Marc Jacobs Daisy EDT,Daisy Eau De Toilette,4498000,37%,7140000,200ml
450,Xịt Thơm Toàn Thân Kiss My Body Hottie,Perfume Mist,336000,1%,338000,176ml
451,Nước Hoa Nữ Diamond Femme (Trắng),Eau De Parfum,903000,45%,1647000,135ml
452,Nước Hoa Vùng Kín Foellie Hương Hoa Hồng Mạnh Mẽ,Inner Perfume #Eau De Bijou,432000,59%,1050000,15ml
453,Nước Hoa Nữ Diamond Femme Pink (Hồng),Eau De Parfum,825000,50%,1647000,135ml
454,Nước Hoa Nam Diamond Homme (Đen),Eau De Parfum,825000,50%,1647000,135ml
455,Nước Hoa Nữ Diamond Femme Ruby Red (Đỏ),Eau De Parfum,903000,45%,1647000,135ml
456,Nước Hoa Nữ Gennie Little Gold Dress,Little Gold Dress,438000,33%,657000,150ml
457,Nước Hoa Vùng Kín Foellie Hương Trái Cây Ngọt Ngào,Inner Perfume #Eau De Fleur,537000,49%,1050000,15ml
458,Nước Hoa Nữ Gennie Little Black Dress,Little Black Dress,438000,33%,657000,150ml
459,Xịt Thơm Toàn Thân Malissa Kiss Hương Crazy in Love,Perfume Body Mist,402000,21%,507000,264ml
461,Nước Hoa Nữ De Memoria EDP #05 Montpellier,Eau De Parfum,1062000,36%,1650000,90ml
462,Nước Hoa Nữ De Memoria #02 Val De Loire Hương Tươi Mát,Eau De Parfum,1062000,36%,1650000,90ml
463,Xịt Thơm Toàn Thân Bodymiss Hương Stop & Stare,,162000,32%,237000,105ml
464,Nước Hoa Nữ Gennie Little Red Dress,Little Red Dress,330000,50%,657000,150ml
465,Nước Hoa Nam Gota Iconic Eau de Parfum,Iconic Perfume For Men Eau de Parfum,444000,50%,888000,150ml
467,Nước Hoa Nữ De Memoria EDP #04 Dresden,Eau De Parfum,1062000,36%,1650000,90ml
468,Nước Hoa Vùng Kín Foellie Hương Hoa Hồng Trắng,Inner Perfume #Eau De Ciel,537000,49%,1050000,15ml
469,Nước Hoa Nam Diamond Homme Dark Blue (Xanh),Eau De Parfum,903000,45%,1647000,135ml
470,Nước Hoa Nữ Gennie Little Rose Dress Bản Giới Hạn,Little Rose Dress For Her,525000,50%,1047000,150ml
471,Nước Hoa Vùng Kín Foellie Hoa Đinh Hương Bản Giới Hạn,Inner Perfume #Eau De Tuileries,567000,46%,1050000,15ml
472,Nước Hoa Nữ Versace Bright Crystal Absolu EDP,Bright Crystal Absolu Eau de Parfum Natural Spray,5367000,39%,8745000,270ml
473,Nước Hoa Nam Diamond Homme Brown (Nâu),Eau De Parfum,903000,40%,1497000,135ml
474,Nước Hoa Nữ Carolina Herrera Good Girl EDP,Good Girl Eau De Parfum Natural Spray,5427000,10%,6030000,90ml
475,Xịt Thơm Toàn Thân Malissa Kiss Hương Sweet Poison,Perfume Mist,402000,21%,507000,264ml
476,Xịt Thơm Toàn Thân Malissa Kiss Hương Adore You,Perfume Mist,402000,21%,507000,264ml
477,Nước Hoa Nam Versace Pour Homme EDT,Pour Homme Eau De Toilette Spray,4329000,19%,5346000,150ml
478,Nước Hoa Nữ Laura Anne Allure For Her (Hồng),Eau de Parfum,552000,38%,897000,150ml
479,Nước Hoa Nữ Lancôme La Nuit Tresor EDP,La Nuit Tresor Eau De Parfum,8460000,9%,9300000,225ml
480,Nước Hoa Nam Paco Rabanne 1 Million Parfum EDP,1 Million Parfum EDP,9072000,10%,10080000,300ml
481,Xịt Thơm Toàn Thân Malissa Kiss Hương Nước Hoa Passion,Perfume Mist,402000,21%,507000,264ml
482,Nước Hoa Nữ Versace Bright Crystal EDT,Bright Crystal Eau de Toilette Spray,3570000,59%,8715000,150ml
483,Nước Hoa Vùng Kín Foellie Hương Hoa Nhài Bản Giới Hạn,Inner Perfume #Eau De Venus,492000,53%,1050000,15ml
484,Nước Hoa Nữ De Memoria EDP #03 Granada,Eau De Parfum,1062000,36%,1650000,90ml
485,Nước Hoa Nữ De Memoria EDP #06 Grasse,Eau De Parfum,1062000,36%,1650000,90ml
486,Nước Hoa Nữ Verites After The Rain,After The Rain Inspired By My Burberry,573000,20%,717000,150ml
487,Nước Hoa Nam Versace Eros Flame EDP,Eros Flame Eau de Parfum Spray,6708000,19%,8283000,300ml
488,Xịt Thơm Toàn Thân Malissa Kiss Hương Lost In Paradise,Perfume Body Mist,402000,21%,507000,264ml
489,Xịt Thơm Toàn Thân Malissa Kiss Hương Nước Hoa Delight,Perfume Mist,402000,21%,507000,264ml
490,Xịt Thơm Toàn Thân Malissa Kiss Hương Fresh Escape,Perfume Mist,252000,50%,507000,264ml
491,Nước Hoa Nam Gota Urban Eau de Parfum,Urban Perfume For Men Eau de Parfum,624000,30%,888000,150ml
492,Xịt Thơm Toàn Thân Malissa Kiss Sweet Vanilla Cotton,Perfume Body Mist,402000,21%,507000,264ml
493,Nước Hoa Nữ De Memoria #01 Spello Hương Mê Hoặc,Eau De Parfum,1059000,36%,1650000,90ml
494,Nước Hoa Vùng Kín Foellie Hương Gỗ Tươi Mát,Inner Perfume #Eau De Foret,537000,17%,645000,15ml
495,Nước Hoa Nam Nữ Verites Siren,Siren Inspired By Good Girl Velvet Fatale,573000,20%,717000,150ml
496,Xịt Thơm Toàn Thân Bodymiss Hương Funky Fresh,,327000,30%,468000,315ml
497,Bộ 3 Chai Nước Hoa Nam Nerman 4000/chai,"Hương Thơm Mạnh Mẽ Lôi Cuốn, Lưu Hương Tới 8H",1428000,5%,1497000,30ml
498,Xịt Thơm Toàn Thân Và Tóc Silkygirl Hương Love Bloom,Fragrance Mist Hair And Body #Love Bloom,294000,1%,297000,150ml
499,Xịt Thơm Toàn Thân Malissa Kiss Hương Nước Hoa Charm,Perfume Mist,402000,21%,507000,264ml
500,Nước Hoa Vùng Kín Foellie Hương Hoa Anh Đào,Inner Perfume #Eau De Cherry Blossom,537000,49%,1050000,15ml
501,Nước Hoa Nữ Verites Joie De Vivre,Joie De Vivre Inspired by Miss Dior,573000,20%,717000,150ml
502,Nước Hoa Nam Laura Anne Mystic For Him (Đen),Eau de Parfum,552000,38%,897000,150ml
503,Nước Hoa Vùng Kín Nữ Loli And The Wolf Midnight Forest,Hương Hoa Ngọt Ngào Quyến Rũ Lãng Mạn,744000,17%,900000,24ml
504,Xịt Thơm Toàn Thân Bodymiss Hương Funky Fresh,,162000,32%,237000,105ml
505,Nước Hoa Nữ Verites Secretly Sexy,Secretly Sexy Inspired By Victoria's Secret Very Sexy,573000,20%,717000,150ml
506,Nước Hoa Nam Verites Savage Trail,Savage Trail Inspired by Dior Sauvage,573000,20%,717000,150ml
507,Xịt Thơm Toàn Thân Và Tóc Silkygirl Hương Magic Dream,Fragrance Mist Hair And Body #Magic Dream,294000,1%,297000,150ml
508,Xịt Thơm Toàn Thân Bodymiss Hương Stop & Stare,,327000,30%,468000,315ml
509,Nước Hoa Vùng Kín Foellie Hương Hoa Ngọc Lan Tây,Inner Perfume #Eau De Bebe,537000,49%,1050000,15ml
510,Xịt Thơm Toàn Thân Bodymiss Hương Blinded Love,,162000,32%,237000,105ml
511,Xịt Thơm Toàn Thân Bodymiss Hương Hide & Seek,,162000,32%,237000,105ml
512,Nước Hoa Nam Nữ De Memoria EDP #09 Lampang,Eau De Parfum,1110000,33%,1650000,90ml
513,Nước Hoa Vùng Kín Foellie Hương Dâu Tây Bản XO Giới Hạn,Inner Perfume #Eau De Miel,537000,49%,1050000,15ml
514,Xịt Thơm Toàn Thân Bodymiss Hương Hide & Seek,,327000,30%,468000,315ml
515,Nước Hoa Nam Laura Anne Allure For Him (Đỏ),Eau de Parfum,447000,50%,897000,150ml
516,Nước Hoa Vùng Kín Foellie Hương Biển Thơm Mát,Inner Perfume #Eau De Vogue,537000,17%,645000,15ml
517,Xịt Thơm Toàn Thân Malissa Kiss Hương Happy Sundae,Perfume Mist,252000,50%,507000,264ml
518,"Nước Hoa Nữ Verites Her Summer Nữ Tính, Dịu Dàng",,693000,20%,867000,150ml
519,Xịt Thơm Toàn Thân Bodymiss Hương Care Free,,162000,32%,237000,105ml
520,Nước Hoa Nam Nữ De Memoria EDP #10 Jiufen,Eau De Parfum,1062000,36%,1650000,90ml
521,Xịt Thơm Toàn Thân Bodymiss Hương Money Honey,,327000,30%,468000,315ml
522,Xịt Thơm Toàn Thân Malissa Kiss Hương Call Me Maybe,Perfume Mist,402000,21%,507000,264ml
523,Xịt Thơm Toàn Thân Malissa Kiss Hương Nước Hoa Tender,Perfume Mist,402000,21%,507000,264ml
524,Xịt Thơm Toàn Thân Malissa Kiss Hương Cozy Beach,Perfume Mist,252000,50%,507000,264ml
526,Nước Hoa Nam Nữ Verites Santal Lab,Santal Lab Inspired By Le Labo Santal 33,717000,0%,717000,150ml
527,Xịt Thơm Toàn Thân Malissa Kiss Hương Nước Hoa Fierce,Perfume Mist,402000,21%,507000,264ml
528,Xịt Thơm Toàn Thân Bodymiss Hương Money Honey,,162000,32%,237000,105ml
529,Combo 2 Xịt Thơm Toàn Thân Và Tóc Silkygirl Hương Love Bloom + Floral Blush,Fragrance Mist Hair And Body #Love Bloom & #Floral Blush,480000,9%,528000,150ml
530,[Mini] Nước Hoa Nam Calvin Klein Defy For Men EDT,Defy For Men Eau de Toilette,1140000,0%,1140000,30ml
531,Nước Hoa Nữ Gennie Little Rose Dress Bản Giới Hạn,Little Rose Dress For Her,270000,50%,537000,30ml
532,Nước Hoa Nữ De Memoria EDP #07 Hoian,Eau De Parfum,1062000,36%,1650000,90ml
533,Nước Hoa Vùng Kín Foellie Cherry Đen Bản Giới Hạn,Inner Perfume #Eau De Noir,480000,54%,1050000,15ml
534,"Nước Hoa Nữ Verites Beach Bomb Nhẹ Nhàng, Tươi Mát",,693000,20%,867000,150ml
535,"Nước Hoa Nam Verites De Club Cuốn Hút, Lịch Lãm",,693000,20%,867000,150ml
536,Combo 2 Xịt Thơm Toàn Thân Và Tóc Silkygirl Hương Magic Dream + Love Bloom,Fragrance Mist Hair And Body #Magic Dream & #Love Bloom,552000,7%,594000,150ml
537,Xịt Thơm Toàn Thân Và Tóc Silkygirl Hương Floral Blush,Fragrance Mist Hair And Body #Floral Blush,294000,1%,297000,150ml
538,Nước Hoa Unisex Verites Chasing Cloud Tươi Mới,,693000,20%,867000,150ml
539,Nước Hoa Nữ Laura Anne Mystic For Her (Xám),Eau de Parfum,561000,37%,897000,150ml
540,Nước Hoa Nam Laura Anne Dynamic For Him (Xanh),Dynamic For Him,669000,25%,897000,150ml
541,Xịt Thơm Toàn Thân Malissa Kiss Hương Nước Hoa Desire,Perfume Mist,402000,21%,507000,264ml
542,Xịt Thơm Toàn Thân Malissa Kiss Hương Nước Hoa Sweetie,Perfume Mist,402000,21%,507000,264ml
543,Xịt Thơm Toàn Thân Malissa Kiss Hương Nước Hoa Hottie,Perfume Mist,402000,21%,507000,264ml
544,Xịt Thơm Toàn Thân Kiss My Body Sweetie,Perfume Mist,504000,1%,507000,264ml
545,Nước Hoa Nữ Armaf Club De Nuit Woman,Club De Nuit Woman EDP,1884000,29%,2670000,315ml
546,Xịt Thơm Toàn Thân Kiss My Body Hương Crazy In Love,Perfume Mist,429000,15%,507000,264ml
547,Xịt Thơm Toàn Thân Kiss My Body Sweet Vanilla Cotton,Perfume Mist,429000,15%,507000,264ml
548,Xịt Thơm Toàn Thân Kiss My Body Hương Delight,Perfume Mist,429000,15%,507000,264ml
549,Combo 2 Xịt Thơm Toàn Thân Và Tóc Silkygirl Hương Magic Dream + Floral Blush,Fragrance Mist Hair And Body #Magic Dream & #Floral Blush,552000,7%,594000,150ml
550,Nước Hoa Nữ Narciso Rodriguez Musc Noir For Her EDP,Eau De Parfum,5238000,10%,5820000,90ml
551,Nước Hoa Nữ Chloé Love Story EDP,Eau De Parfum,5055000,29%,7080000,90ml
552,Nước Hoa Nữ Narciso Rodriguez For Her EDP,Eau De Parfum,5238000,10%,5820000,90ml
553,Nước Hoa Nữ Narciso Rodriguez Ambrée EDP,Eau De Parfum,5022000,15%,5910000,90ml
554,Nước Hoa Nữ Narciso Rodriguez Pure Musc For Her EDP,Eau De Parfum,5238000,10%,5820000,90ml
555,Nước Hoa Nữ Narciso Rodriguez For Her EDP,Eau De Parfum,7830000,10%,8700000,150ml
556,Nước Hoa Nữ Narciso Rodriguez For Her EDP,Eau De Parfum,10341000,10%,11490000,300ml
557,Nước Hoa Nữ Narciso Rodriguez For Her EDT,Eau De Toilette,7425000,29%,10410000,300ml
558,Nước Hoa Nữ Marc Jacobs Daisy Ever So Fresh EDP,Eau De Parfum,5400000,19%,6660000,90ml
559,Nước Hoa Nữ Narciso Rodriguez For Her EDT,Eau De Toilette,5070000,35%,7830000,150ml
560,Nước Hoa Nữ Narciso Rodriguez Pure Musc For Her EDP,Eau De Parfum,10911000,5%,11490000,300ml
561,Nước Hoa Nam Tommy Impact Intense EDP,Impact Intense Eau De Perfume,6750000,0%,6750000,150ml
562,Nước Hoa Nam De Memoria EDP #12 Bagan,Eau De Parfum,1110000,33%,1650000,90ml
563,Nước Hoa Nữ Carolina Herrera Very Good Girl Glam EDP,Very Good Girl Glam Eau De Parfum,11799000,10%,13110000,240ml
564,Nước Hoa Nữ Marc Jacobs Daisy Love EDT,Eau De Toilette,3480000,40%,5820000,90ml
565,Nước Hoa Nữ Tommy Now Girl EDT,Now Girl Eau De Toilette,4080000,0%,4080000,90ml
566,Nước Hoa Nam Tommy Now EDT,Now Eau De Toilette,4080000,0%,4080000,90ml
567,Nước Hoa Nữ Carolina Herrera Very Good Girl EDP,Very Good Girl Eau De Parfum,5940000,10%,6600000,90ml
568,Nước Hoa Nam TOMMY Cologne EDT,Cologne Spray,2697000,34%,4080000,90ml
569,Nước Hoa Nữ Marc Jacobs Daisy Dream EDT,Eau De Toilette,2967000,14%,3450000,90ml
570,Nước Hoa Nữ Issey Miyake L'Eau D'Issey EDT,Eau De Toilette,6102000,10%,6780000,150ml
571,Nước Hoa Nam Issey Miyake L'Eau D'Issey Eau & Cèdre,Pour Homme Eau De Toilette Intense,7749000,10%,8610000,300ml
572,Nước Hoa Nữ Issey Miyake A Drop D'Issey EDP,Eau De Parfum,8775000,10%,9750000,270ml
573,Nước Hoa Nam Tommy Impact EDT,Impact Intense Eau De Toilette,6390000,0%,6390000,150ml
574,Nước Hoa Nam Calvin Klein Defy For Men EDT,Eau De Toilette,2037000,47%,3870000,90ml
575,Nước Hoa Nữ Laura Anne Dynamic For Her (Xanh),Eau de Parfum,594000,34%,897000,150ml
576,Nước Hoa Nữ Issey Miyake A Drop D'Issey EDP Fraiche,Eau De Parfum Fraiche,4563000,10%,5070000,90ml
577,Nước Hoa Nam Nữ Calvin Klein One EDT,Eau De Toilette,2439000,45%,4410000,150ml
578,Nước Hoa Nữ Tommy Girl Cologne EDT,Tommy Girl Cologne Eau de Toilette Spray,2517000,38%,4080000,90ml
579,Nước Hoa Nữ Marc Jacobs Daisy Love Eau So Sweet EDT,Eau De Toilette,5250000,10%,5820000,90ml
580,"Nước Hoa Nữ Verites Starstruck Ngọt Ngào, Quyến Rũ",,693000,20%,867000,150ml
581,"Nước Hoa Nữ Verites Midnight Bloom Quyến Rũ, Thanh Lịch",,693000,20%,867000,150ml
582,[HSD 02/2025] Nước Hoa Nam De Memoria EDP #12 Bagan,Eau De Parfum,999000,0%,999000,90ml
583,Nước Hoa Nam Nữ De Memoria EDP #11 Tai O,Eau De Parfum,1062000,36%,1650000,90ml
584,Nước Hoa Nam Versace Eros Flame EDP,Eros Flame Eau de Parfum Spray,3948000,40%,6567000,150ml
585,[HSD 06/2024] Xịt Thơm Toàn Thân Bodymiss Hương Money Honey,,132000,44%,237000,105ml
586,Nước Hoa Nam Moschino Toy Boy EDP,,6765000,0%,6765000,300ml
587,Nước Hoa Nam Versace Pour Homme Dylan Blue EDT,Pour Homme Dylan Blue Eau De Toilette,5445000,25%,7260000,300ml
588,Nước Hoa Nữ Jean Paul Gaultier Scandal EDP,Scandal Eau De Parfum Spray,5670000,10%,6300000,90ml
589,Nước Hoa Nữ Chloé Nomade EDP,Eau De Parfum,5550000,18%,6750000,90ml
590,Nước Hoa Nữ Burberry Her Blossom EDT,Her Blossom Eau de Toilette,8109000,33%,12090000,300ml
591,[HSD 02/2025] Nước Hoa Nữ De Memoria EDP #07 Hoian,Eau De Parfum,957000,0%,957000,90ml
592,Nước Hoa Nữ Marc Jacobs Perfect EDP,Perfect Eau De Parfum,7767000,37%,12330000,300ml
593,Nước Hoa Nữ Chloé L'Eau Eau De Toilette,L'Eau Eau De Toilette,8505000,31%,12390000,300ml
594,Nước Hoa Nữ Chloé Nomade EDP,Eau De Parfum,8796000,32%,12870000,225ml
595,Nước Hoa Nam Lacoste Match Point EDT,Match Point Eau de Toilette,5364000,40%,8910000,300ml
596,Nước Hoa Nữ Signorina Misteriosa,Signorina Misteriosa Eau de Parfum,5460000,22%,6990000,300ml
597,[HSD 06/2024] Xịt Thơm Toàn Thân Bodymiss Hương Blinded Love,,132000,44%,237000,105ml
598,[HSD 03/2025] Nước Hoa Nữ Chloé L'Eau Eau De Toilette,L'Eau Eau De Toilette,6804000,45%,12390000,300ml
599,Nước Hoa Nam Versace Man Eau Fraiche EDT,Eau Fraiche Eau De Toilette,5586000,19%,6897000,300ml
600,Nước Hoa Nữ Moschino Toy 2 EDP,Toy 2 Eau De Parfum,4620000,37%,7326000,300ml
601,Nước Hoa Nữ Burberry Her EDP,Her Eau De Parfum,8901000,41%,14970000,300ml
602,[HSD 06/2024] Xịt Thơm Toàn Thân Bodymiss Hương Care Free,,132000,44%,237000,105ml
603,Nước Hoa Nữ Versace Yellow Diamond EDT,Yellow Diamond Eau De Toilette Natural Spray,5967000,26%,8118000,270ml
604,Nước Hoa Nam Versace Pour Homme Eau De Toilette,Pour Homme Eau De Toilette,4632000,35%,7128000,300ml
605,[HSD 02/2025] Nước Hoa Nữ Laura Anne Dynamic For Her (Xanh),Eau de Parfum,567000,37%,897000,150ml
606,[HSD 07/2024] Xịt Thơm Toàn Thân Bodymiss Hương Blinded Love,,132000,44%,237000,105ml
607,[HSD 02/2025] Nước Hoa Nam Nữ De Memoria EDP #09 Lampang,Eau De Parfum,999000,0%,999000,90ml
608,[HSD 06/2024] Xịt Thơm Toàn Thân Bodymiss Hương Funky Fresh,,132000,44%,237000,105ml
609,Nước Hoa Nữ Marc Jacobs Daisy Intense EDP,Daisy Intense Eau De Parfum,3792000,45%,6870000,90ml
610,Nước Hoa Nam Calvin Klein Euphoria For Men EDT,Euphoria For Men Eau de Toilette,5031000,40%,8340000,300ml
611,[HSD 01/2025] Nước Hoa Nữ Marc Jacobs Daisy Intense EDP,Daisy Intense Eau De Parfum,609000,30%,870000,12ml
612,[Mini] Nước Hoa Nữ Burberry Her Blossom EDT 1.,,204000,1%,207000,15ml
613,Nước Hoa Nữ Lancôme La Vie Est Belle Bản Giới Hạn OUI,La Vie Est Belle Oui L'eau De Parfum D'exception,6717000,17%,8100000,150ml
614,Nước Hoa Nữ Chloé Eau De Parfum,,8529000,34%,12870000,225ml
615,[HSD 02/2025] Nước Hoa Nữ Laura Anne Mystic For Her (Xám),Eau de Parfum,468000,0%,468000,150ml
616,Nước Hoa Nam Mr.Burberry Indigo EDT,Indigo For Men EDT Spray,4527000,31%,6540000,150ml
617,[HSD 06/2024] Xịt Thơm Toàn Thân Bodymiss Hương Stop & Stare,,132000,44%,237000,105ml
618,[HSD 07/2024] Xịt Thơm Toàn Thân Bodymiss Hương Funky Fresh,,132000,44%,237000,105ml
619,Nước Hoa Nam Calvin Klein Free Eau De Toilette,Free EDT Spray,2949000,48%,5640000,150ml
620,Nước Hoa Nam Versace Eros EDP,Eros Eau De Parfum Natural Spray,5790000,30%,8283000,300ml
621,Nước Hoa Nữ Versace Bright Crystal EDT,Bright Crystal Eau De Toilette,4464000,46%,8280000,270ml
622,Nước Hoa Nam Gota Bouncy Eau de Parfum,Bouncy Perfume For Men Eau de Parfum,444000,50%,888000,150ml
623,Nước Hoa Nữ Salvatore Ferragamo Signorina Ribelle EDP,,5400000,44%,9669000,300ml
624,Xịt Thơm Toàn Thân Kiss My Body Adore You,Perfume Mist,504000,1%,507000,264ml
625,[HSD 07/2024] Xịt Thơm Toàn Thân Và Tóc Silkygirl Hương Magic Dream,Fragrance Mist Hair And Body #Magic Dream,135000,55%,297000,150ml
626,Xịt Nước Hoa Hằng Ngày X-Men Hương Tươi Mát,Everyday Perfume Mann Up Air,297000,6%,315000,150ml
627,Nước Hoa Nữ Narciso Rodriguez Pure Musc For Her EDP,Eau De Parfum,7830000,10%,8700000,150ml
628,Nước Hoa Nữ Versace Pour Femme Dylan Blue EDP,Pour Femme Dylan Blue Eau De Parfum Spray,6456000,35%,9933000,300ml
629,[HSD 07/2024] Nước Hoa Nữ Trussardi Sound Of Donna EDP,Sound Of Donna Eau De Parfum Spray,2178000,70%,7260000,300ml
630,Nước Hoa Vùng Kín Nam Loli & The Wolf Dark Monster,Hương Gỗ Tuyết Tùng Nam Tính Cuốn Hút,744000,17%,900000,30ml
631,Xịt Thơm Toàn Thân Kiss My Body Sweet Poison,Perfume Mist,504000,1%,507000,264ml
632,Xịt Thơm Toàn Thân Bodymiss Hương Blinded Love,,318000,32%,468000,315ml
633,[HSD 12/2024] Xịt Thơm Toàn Thân Malissa Kiss Hương Happy Sundae,Perfume Mist,231000,54%,507000,264ml
634,[HSD 11/2024] Xịt Thơm Toàn Thân Và Tóc Silkygirl Hương Floral Blush,Fragrance Mist Hair And Body #Floral Blush,132000,56%,297000,150ml
635,[HSD 01/2025] Xịt Thơm Toàn Thân Malissa Kiss Hương Cozy Beach,Perfume Mist,231000,54%,507000,264ml
636,[HSD 10/2024] Xịt Thơm Toàn Thân Và Tóc Silkygirl Hương Love Bloom,Fragrance Mist Hair And Body #Love Bloom,237000,20%,297000,150ml
637,Nước Hoa Nữ Marc Jacobs Daisy EDT,Daisy Eau De Toilette,6747000,37%,10710000,300ml
638,Xịt Thơm Toàn Thân Kiss My Body Hottie,Perfume Mist,504000,1%,507000,264ml
639,Nước Hoa Nữ Diamond Femme (Trắng),Eau De Parfum,1204000,45%,2196000,180ml
640,Nước Hoa Vùng Kín Foellie Hương Hoa Hồng Mạnh Mẽ,Inner Perfume #Eau De Bijou,576000,59%,1400000,20ml
641,Nước Hoa Nữ Diamond Femme Pink (Hồng),Eau De Parfum,1100000,50%,2196000,180ml
642,Nước Hoa Nam Diamond Homme (Đen),Eau De Parfum,1100000,50%,2196000,180ml
643,Nước Hoa Nữ Diamond Femme Ruby Red (Đỏ),Eau De Parfum,1204000,45%,2196000,180ml
644,Nước Hoa Nữ Gennie Little Gold Dress,Little Gold Dress,584000,33%,876000,200ml
645,Nước Hoa Vùng Kín Foellie Hương Trái Cây Ngọt Ngào,Inner Perfume #Eau De Fleur,716000,49%,1400000,20ml
646,Nước Hoa Nữ Gennie Little Black Dress,Little Black Dress,584000,33%,876000,200ml
647,Xịt Thơm Toàn Thân Malissa Kiss Hương Crazy in Love,Perfume Body Mist,536000,21%,676000,352ml
649,Nước Hoa Nữ De Memoria EDP #05 Montpellier,Eau De Parfum,1416000,36%,2200000,120ml
650,Nước Hoa Nữ De Memoria #02 Val De Loire Hương Tươi Mát,Eau De Parfum,1416000,36%,2200000,120ml
651,Xịt Thơm Toàn Thân Bodymiss Hương Stop & Stare,,216000,32%,316000,140ml
652,Nước Hoa Nữ Gennie Little Red Dress,Little Red Dress,440000,50%,876000,200ml
653,Nước Hoa Nam Gota Iconic Eau de Parfum,Iconic Perfume For Men Eau de Parfum,592000,50%,1184000,200ml
655,Nước Hoa Nữ De Memoria EDP #04 Dresden,Eau De Parfum,1416000,36%,2200000,120ml
656,Nước Hoa Vùng Kín Foellie Hương Hoa Hồng Trắng,Inner Perfume #Eau De Ciel,716000,49%,1400000,20ml
657,Nước Hoa Nam Diamond Homme Dark Blue (Xanh),Eau De Parfum,1204000,45%,2196000,180ml
658,Nước Hoa Nữ Gennie Little Rose Dress Bản Giới Hạn,Little Rose Dress For Her,700000,50%,1396000,200ml
659,Nước Hoa Vùng Kín Foellie Hoa Đinh Hương Bản Giới Hạn,Inner Perfume #Eau De Tuileries,756000,46%,1400000,20ml
660,Nước Hoa Nữ Versace Bright Crystal Absolu EDP,Bright Crystal Absolu Eau de Parfum Natural Spray,7156000,39%,11660000,360ml
661,Nước Hoa Nam Diamond Homme Brown (Nâu),Eau De Parfum,1204000,40%,1996000,180ml
662,Nước Hoa Nữ Carolina Herrera Good Girl EDP,Good Girl Eau De Parfum Natural Spray,7236000,10%,8040000,120ml
663,Xịt Thơm Toàn Thân Malissa Kiss Hương Sweet Poison,Perfume Mist,536000,21%,676000,352ml
664,Xịt Thơm Toàn Thân Malissa Kiss Hương Adore You,Perfume Mist,536000,21%,676000,352ml
665,Nước Hoa Nam Versace Pour Homme EDT,Pour Homme Eau De Toilette Spray,5772000,19%,7128000,200ml
666,Nước Hoa Nữ Laura Anne Allure For Her (Hồng),Eau de Parfum,736000,38%,1196000,200ml
667,Nước Hoa Nữ Lancôme La Nuit Tresor EDP,La Nuit Tresor Eau De Parfum,11280000,9%,12400000,300ml
668,Nước Hoa Nam Paco Rabanne 1 Million Parfum EDP,1 Million Parfum EDP,12096000,10%,13440000,400ml
669,Xịt Thơm Toàn Thân Malissa Kiss Hương Nước Hoa Passion,Perfume Mist,536000,21%,676000,352ml
670,Nước Hoa Nữ Versace Bright Crystal EDT,Bright Crystal Eau de Toilette Spray,4760000,59%,11620000,200ml
671,Nước Hoa Vùng Kín Foellie Hương Hoa Nhài Bản Giới Hạn,Inner Perfume #Eau De Venus,656000,53%,1400000,20ml
672,Nước Hoa Nữ De Memoria EDP #03 Granada,Eau De Parfum,1416000,36%,2200000,120ml
673,Nước Hoa Nữ De Memoria EDP #06 Grasse,Eau De Parfum,1416000,36%,2200000,120ml
674,Nước Hoa Nữ Verites After The Rain,After The Rain Inspired By My Burberry,764000,20%,956000,200ml
675,Nước Hoa Nam Versace Eros Flame EDP,Eros Flame Eau de Parfum Spray,8944000,19%,11044000,400ml
676,Xịt Thơm Toàn Thân Malissa Kiss Hương Lost In Paradise,Perfume Body Mist,536000,21%,676000,352ml
677,Xịt Thơm Toàn Thân Malissa Kiss Hương Nước Hoa Delight,Perfume Mist,536000,21%,676000,352ml
678,Xịt Thơm Toàn Thân Malissa Kiss Hương Fresh Escape,Perfume Mist,336000,50%,676000,352ml
679,Nước Hoa Nam Gota Urban Eau de Parfum,Urban Perfume For Men Eau de Parfum,832000,30%,1184000,200ml
680,Xịt Thơm Toàn Thân Malissa Kiss Sweet Vanilla Cotton,Perfume Body Mist,536000,21%,676000,352ml
681,Nước Hoa Nữ De Memoria #01 Spello Hương Mê Hoặc,Eau De Parfum,1412000,36%,2200000,120ml
682,Nước Hoa Vùng Kín Foellie Hương Gỗ Tươi Mát,Inner Perfume #Eau De Foret,716000,17%,860000,20ml
683,Nước Hoa Nam Nữ Verites Siren,Siren Inspired By Good Girl Velvet Fatale,764000,20%,956000,200ml
684,Xịt Thơm Toàn Thân Bodymiss Hương Funky Fresh,,436000,30%,624000,420ml
685,Bộ 3 Chai Nước Hoa Nam Nerman 4000/chai,"Hương Thơm Mạnh Mẽ Lôi Cuốn, Lưu Hương Tới 8H",1904000,5%,1996000,40ml
686,Xịt Thơm Toàn Thân Và Tóc Silkygirl Hương Love Bloom,Fragrance Mist Hair And Body #Love Bloom,392000,1%,396000,200ml
687,Xịt Thơm Toàn Thân Malissa Kiss Hương Nước Hoa Charm,Perfume Mist,536000,21%,676000,352ml
688,Nước Hoa Vùng Kín Foellie Hương Hoa Anh Đào,Inner Perfume #Eau De Cherry Blossom,716000,49%,1400000,20ml
689,Nước Hoa Nữ Verites Joie De Vivre,Joie De Vivre Inspired by Miss Dior,764000,20%,956000,200ml
690,Nước Hoa Nam Laura Anne Mystic For Him (Đen),Eau de Parfum,736000,38%,1196000,200ml
691,Nước Hoa Vùng Kín Nữ Loli And The Wolf Midnight Forest,Hương Hoa Ngọt Ngào Quyến Rũ Lãng Mạn,992000,17%,1200000,32ml
692,Xịt Thơm Toàn Thân Bodymiss Hương Funky Fresh,,216000,32%,316000,140ml
693,Nước Hoa Nữ Verites Secretly Sexy,Secretly Sexy Inspired By Victoria's Secret Very Sexy,764000,20%,956000,200ml
694,Nước Hoa Nam Verites Savage Trail,Savage Trail Inspired by Dior Sauvage,764000,20%,956000,200ml
695,Xịt Thơm Toàn Thân Và Tóc Silkygirl Hương Magic Dream,Fragrance Mist Hair And Body #Magic Dream,392000,1%,396000,200ml
696,Xịt Thơm Toàn Thân Bodymiss Hương Stop & Stare,,436000,30%,624000,420ml
697,Nước Hoa Vùng Kín Foellie Hương Hoa Ngọc Lan Tây,Inner Perfume #Eau De Bebe,716000,49%,1400000,20ml
698,Xịt Thơm Toàn Thân Bodymiss Hương Blinded Love,,216000,32%,316000,140ml
699,Xịt Thơm Toàn Thân Bodymiss Hương Hide & Seek,,216000,32%,316000,140ml
700,Nước Hoa Nam Nữ De Memoria EDP #09 Lampang,Eau De Parfum,1480000,33%,2200000,120ml
701,Nước Hoa Vùng Kín Foellie Hương Dâu Tây Bản XO Giới Hạn,Inner Perfume #Eau De Miel,716000,49%,1400000,20ml
702,Xịt Thơm Toàn Thân Bodymiss Hương Hide & Seek,,436000,30%,624000,420ml
703,Nước Hoa Nam Laura Anne Allure For Him (Đỏ),Eau de Parfum,596000,50%,1196000,200ml
704,Nước Hoa Vùng Kín Foellie Hương Biển Thơm Mát,Inner Perfume #Eau De Vogue,716000,17%,860000,20ml
705,Xịt Thơm Toàn Thân Malissa Kiss Hương Happy Sundae,Perfume Mist,336000,50%,676000,352ml
706,"Nước Hoa Nữ Verites Her Summer Nữ Tính, Dịu Dàng",,924000,20%,1156000,200ml
707,Xịt Thơm Toàn Thân Bodymiss Hương Care Free,,216000,32%,316000,140ml
708,Nước Hoa Nam Nữ De Memoria EDP #10 Jiufen,Eau De Parfum,1416000,36%,2200000,120ml
709,Xịt Thơm Toàn Thân Bodymiss Hương Money Honey,,436000,30%,624000,420ml
710,Xịt Thơm Toàn Thân Malissa Kiss Hương Call Me Maybe,Perfume Mist,536000,21%,676000,352ml
711,Xịt Thơm Toàn Thân Malissa Kiss Hương Nước Hoa Tender,Perfume Mist,536000,21%,676000,352ml
712,Xịt Thơm Toàn Thân Malissa Kiss Hương Cozy Beach,Perfume Mist,336000,50%,676000,352ml
714,Nước Hoa Nam Nữ Verites Santal Lab,Santal Lab Inspired By Le Labo Santal 33,956000,0%,956000,200ml
715,Xịt Thơm Toàn Thân Malissa Kiss Hương Nước Hoa Fierce,Perfume Mist,536000,21%,676000,352ml
716,Xịt Thơm Toàn Thân Bodymiss Hương Money Honey,,216000,32%,316000,140ml
717,Combo 2 Xịt Thơm Toàn Thân Và Tóc Silkygirl Hương Love Bloom + Floral Blush,Fragrance Mist Hair And Body #Love Bloom & #Floral Blush,640000,9%,704000,200ml
718,[Mini] Nước Hoa Nam Calvin Klein Defy For Men EDT,Defy For Men Eau de Toilette,1520000,0%,1520000,40ml
719,Nước Hoa Nữ Gennie Little Rose Dress Bản Giới Hạn,Little Rose Dress For Her,360000,50%,716000,40ml
720,Nước Hoa Nữ De Memoria EDP #07 Hoian,Eau De Parfum,1416000,36%,2200000,120ml
721,Nước Hoa Vùng Kín Foellie Cherry Đen Bản Giới Hạn,Inner Perfume #Eau De Noir,640000,54%,1400000,20ml
722,"Nước Hoa Nữ Verites Beach Bomb Nhẹ Nhàng, Tươi Mát",,924000,20%,1156000,200ml
723,"Nước Hoa Nam Verites De Club Cuốn Hút, Lịch Lãm",,924000,20%,1156000,200ml
724,Combo 2 Xịt Thơm Toàn Thân Và Tóc Silkygirl Hương Magic Dream + Love Bloom,Fragrance Mist Hair And Body #Magic Dream & #Love Bloom,736000,7%,792000,200ml
725,Xịt Thơm Toàn Thân Và Tóc Silkygirl Hương Floral Blush,Fragrance Mist Hair And Body #Floral Blush,392000,1%,396000,200ml
726,Nước Hoa Unisex Verites Chasing Cloud Tươi Mới,,924000,20%,1156000,200ml
727,Nước Hoa Nữ Laura Anne Mystic For Her (Xám),Eau de Parfum,748000,37%,1196000,200ml
728,Nước Hoa Nam Laura Anne Dynamic For Him (Xanh),Dynamic For Him,892000,25%,1196000,200ml
729,Xịt Thơm Toàn Thân Malissa Kiss Hương Nước Hoa Desire,Perfume Mist,536000,21%,676000,352ml
730,Xịt Thơm Toàn Thân Malissa Kiss Hương Nước Hoa Sweetie,Perfume Mist,536000,21%,676000,352ml
731,Xịt Thơm Toàn Thân Malissa Kiss Hương Nước Hoa Hottie,Perfume Mist,536000,21%,676000,352ml
732,Xịt Thơm Toàn Thân Kiss My Body Sweetie,Perfume Mist,672000,1%,676000,352ml
733,Nước Hoa Nữ Armaf Club De Nuit Woman,Club De Nuit Woman EDP,2512000,29%,3560000,420ml
734,Xịt Thơm Toàn Thân Kiss My Body Hương Crazy In Love,Perfume Mist,572000,15%,676000,352ml
735,Xịt Thơm Toàn Thân Kiss My Body Sweet Vanilla Cotton,Perfume Mist,572000,15%,676000,352ml
736,Xịt Thơm Toàn Thân Kiss My Body Hương Delight,Perfume Mist,572000,15%,676000,352ml
737,Combo 2 Xịt Thơm Toàn Thân Và Tóc Silkygirl Hương Magic Dream + Floral Blush,Fragrance Mist Hair And Body #Magic Dream & #Floral Blush,736000,7%,792000,200ml
738,Nước Hoa Nữ Narciso Rodriguez Musc Noir For Her EDP,Eau De Parfum,6984000,10%,7760000,120ml
739,Nước Hoa Nữ Chloé Love Story EDP,Eau De Parfum,6740000,29%,9440000,120ml
740,Nước Hoa Nữ Narciso Rodriguez For Her EDP,Eau De Parfum,6984000,10%,7760000,120ml
741,Nước Hoa Nữ Narciso Rodriguez Ambrée EDP,Eau De Parfum,6696000,15%,7880000,120ml
742,Nước Hoa Nữ Narciso Rodriguez Pure Musc For Her EDP,Eau De Parfum,6984000,10%,7760000,120ml
743,Nước Hoa Nữ Narciso Rodriguez For Her EDP,Eau De Parfum,10440000,10%,11600000,200ml
744,Nước Hoa Nữ Narciso Rodriguez For Her EDP,Eau De Parfum,13788000,10%,15320000,400ml
745,Nước Hoa Nữ Narciso Rodriguez For Her EDT,Eau De Toilette,9900000,29%,13880000,400ml
746,Nước Hoa Nữ Marc Jacobs Daisy Ever So Fresh EDP,Eau De Parfum,7200000,19%,8880000,120ml
747,Nước Hoa Nữ Narciso Rodriguez For Her EDT,Eau De Toilette,6760000,35%,10440000,200ml
748,Nước Hoa Nữ Narciso Rodriguez Pure Musc For Her EDP,Eau De Parfum,14548000,5%,15320000,400ml
749,Nước Hoa Nam Tommy Impact Intense EDP,Impact Intense Eau De Perfume,9000000,0%,9000000,200ml
750,Nước Hoa Nam De Memoria EDP #12 Bagan,Eau De Parfum,1480000,33%,2200000,120ml
751,Nước Hoa Nữ Carolina Herrera Very Good Girl Glam EDP,Very Good Girl Glam Eau De Parfum,15732000,10%,17480000,320ml
752,Nước Hoa Nữ Marc Jacobs Daisy Love EDT,Eau De Toilette,4640000,40%,7760000,120ml
753,Nước Hoa Nữ Tommy Now Girl EDT,Now Girl Eau De Toilette,5440000,0%,5440000,120ml
754,Nước Hoa Nam Tommy Now EDT,Now Eau De Toilette,5440000,0%,5440000,120ml
755,Nước Hoa Nữ Carolina Herrera Very Good Girl EDP,Very Good Girl Eau De Parfum,7920000,10%,8800000,120ml
756,Nước Hoa Nam TOMMY Cologne EDT,Cologne Spray,3596000,34%,5440000,120ml
757,Nước Hoa Nữ Marc Jacobs Daisy Dream EDT,Eau De Toilette,3956000,14%,4600000,120ml
758,Nước Hoa Nữ Issey Miyake L'Eau D'Issey EDT,Eau De Toilette,8136000,10%,9040000,200ml
759,Nước Hoa Nam Issey Miyake L'Eau D'Issey Eau & Cèdre,Pour Homme Eau De Toilette Intense,10332000,10%,11480000,400ml
760,Nước Hoa Nữ Issey Miyake A Drop D'Issey EDP,Eau De Parfum,11700000,10%,13000000,360ml
761,Nước Hoa Nam Tommy Impact EDT,Impact Intense Eau De Toilette,8520000,0%,8520000,200ml
762,Nước Hoa Nam Calvin Klein Defy For Men EDT,Eau De Toilette,2716000,47%,5160000,120ml
763,Nước Hoa Nữ Laura Anne Dynamic For Her (Xanh),Eau de Parfum,792000,34%,1196000,200ml
764,Nước Hoa Nữ Issey Miyake A Drop D'Issey EDP Fraiche,Eau De Parfum Fraiche,6084000,10%,6760000,120ml
765,Nước Hoa Nam Nữ Calvin Klein One EDT,Eau De Toilette,3252000,45%,5880000,200ml
766,Nước Hoa Nữ Tommy Girl Cologne EDT,Tommy Girl Cologne Eau de Toilette Spray,3356000,38%,5440000,120ml
767,Nước Hoa Nữ Marc Jacobs Daisy Love Eau So Sweet EDT,Eau De Toilette,7000000,10%,7760000,120ml
768,"Nước Hoa Nữ Verites Starstruck Ngọt Ngào, Quyến Rũ",,924000,20%,1156000,200ml
769,"Nước Hoa Nữ Verites Midnight Bloom Quyến Rũ, Thanh Lịch",,924000,20%,1156000,200ml
770,[HSD 02/2025] Nước Hoa Nam De Memoria EDP #12 Bagan,Eau De Parfum,1332000,0%,1332000,120ml
771,Nước Hoa Nam Nữ De Memoria EDP #11 Tai O,Eau De Parfum,1416000,36%,2200000,120ml
772,Nước Hoa Nam Versace Eros Flame EDP,Eros Flame Eau de Parfum Spray,5264000,40%,8756000,200ml
773,[HSD 06/2024] Xịt Thơm Toàn Thân Bodymiss Hương Money Honey,,176000,44%,316000,140ml
774,Nước Hoa Nam Moschino Toy Boy EDP,,9020000,0%,9020000,400ml
775,Nước Hoa Nam Versace Pour Homme Dylan Blue EDT,Pour Homme Dylan Blue Eau De Toilette,7260000,25%,9680000,400ml
776,Nước Hoa Nữ Jean Paul Gaultier Scandal EDP,Scandal Eau De Parfum Spray,7560000,10%,8400000,120ml
777,Nước Hoa Nữ Chloé Nomade EDP,Eau De Parfum,7400000,18%,9000000,120ml
778,Nước Hoa Nữ Burberry Her Blossom EDT,Her Blossom Eau de Toilette,10812000,33%,16120000,400ml
779,[HSD 02/2025] Nước Hoa Nữ De Memoria EDP #07 Hoian,Eau De Parfum,1276000,0%,1276000,120ml
780,Nước Hoa Nữ Marc Jacobs Perfect EDP,Perfect Eau De Parfum,10356000,37%,16440000,400ml
781,Nước Hoa Nữ Chloé L'Eau Eau De Toilette,L'Eau Eau De Toilette,11340000,31%,16520000,400ml
782,Nước Hoa Nữ Chloé Nomade EDP,Eau De Parfum,11728000,32%,17160000,300ml
783,Nước Hoa Nam Lacoste Match Point EDT,Match Point Eau de Toilette,7152000,40%,11880000,400ml
784,Nước Hoa Nữ Signorina Misteriosa,Signorina Misteriosa Eau de Parfum,7280000,22%,9320000,400ml
785,[HSD 06/2024] Xịt Thơm Toàn Thân Bodymiss Hương Blinded Love,,176000,44%,316000,140ml
786,[HSD 03/2025] Nước Hoa Nữ Chloé L'Eau Eau De Toilette,L'Eau Eau De Toilette,9072000,45%,16520000,400ml
787,Nước Hoa Nam Versace Man Eau Fraiche EDT,Eau Fraiche Eau De Toilette,7448000,19%,9196000,400ml
788,Nước Hoa Nữ Moschino Toy 2 EDP,Toy 2 Eau De Parfum,6160000,37%,9768000,400ml
789,Nước Hoa Nữ Burberry Her EDP,Her Eau De Parfum,11868000,41%,19960000,400ml
790,[HSD 06/2024] Xịt Thơm Toàn Thân Bodymiss Hương Care Free,,176000,44%,316000,140ml
791,Nước Hoa Nữ Versace Yellow Diamond EDT,Yellow Diamond Eau De Toilette Natural Spray,7956000,26%,10824000,360ml
792,Nước Hoa Nam Versace Pour Homme Eau De Toilette,Pour Homme Eau De Toilette,6176000,35%,9504000,400ml
793,[HSD 02/2025] Nước Hoa Nữ Laura Anne Dynamic For Her (Xanh),Eau de Parfum,756000,37%,1196000,200ml
794,[HSD 07/2024] Xịt Thơm Toàn Thân Bodymiss Hương Blinded Love,,176000,44%,316000,140ml
795,[HSD 02/2025] Nước Hoa Nam Nữ De Memoria EDP #09 Lampang,Eau De Parfum,1332000,0%,1332000,120ml
796,[HSD 06/2024] Xịt Thơm Toàn Thân Bodymiss Hương Funky Fresh,,176000,44%,316000,140ml
797,Nước Hoa Nữ Marc Jacobs Daisy Intense EDP,Daisy Intense Eau De Parfum,5056000,45%,9160000,120ml
798,Nước Hoa Nam Calvin Klein Euphoria For Men EDT,Euphoria For Men Eau de Toilette,6708000,40%,11120000,400ml
799,[HSD 01/2025] Nước Hoa Nữ Marc Jacobs Daisy Intense EDP,Daisy Intense Eau De Parfum,812000,30%,1160000,16ml
800,[Mini] Nước Hoa Nữ Burberry Her Blossom EDT 1.,,272000,1%,276000,20ml
801,Nước Hoa Nữ Lancôme La Vie Est Belle Bản Giới Hạn OUI,La Vie Est Belle Oui L'eau De Parfum D'exception,8956000,17%,10800000,200ml
802,Nước Hoa Nữ Chloé Eau De Parfum,,11372000,34%,17160000,300ml
803,[HSD 02/2025] Nước Hoa Nữ Laura Anne Mystic For Her (Xám),Eau de Parfum,624000,0%,624000,200ml
804,Nước Hoa Nam Mr.Burberry Indigo EDT,Indigo For Men EDT Spray,6036000,31%,8720000,200ml
805,[HSD 06/2024] Xịt Thơm Toàn Thân Bodymiss Hương Stop & Stare,,176000,44%,316000,140ml
806,[HSD 07/2024] Xịt Thơm Toàn Thân Bodymiss Hương Funky Fresh,,176000,44%,316000,140ml
807,Nước Hoa Nam Calvin Klein Free Eau De Toilette,Free EDT Spray,3932000,48%,7520000,200ml
808,Nước Hoa Nam Versace Eros EDP,Eros Eau De Parfum Natural Spray,7720000,30%,11044000,400ml
809,Nước Hoa Nữ Versace Bright Crystal EDT,Bright Crystal Eau De Toilette,5952000,46%,11040000,360ml
810,Nước Hoa Nam Gota Bouncy Eau de Parfum,Bouncy Perfume For Men Eau de Parfum,592000,50%,1184000,200ml
811,Nước Hoa Nữ Salvatore Ferragamo Signorina Ribelle EDP,,7200000,44%,12892000,400ml
812,Xịt Thơm Toàn Thân Kiss My Body Adore You,Perfume Mist,672000,1%,676000,352ml
813,[HSD 07/2024] Xịt Thơm Toàn Thân Và Tóc Silkygirl Hương Magic Dream,Fragrance Mist Hair And Body #Magic Dream,180000,55%,396000,200ml
814,Xịt Nước Hoa Hằng Ngày X-Men Hương Tươi Mát,Everyday Perfume Mann Up Air,396000,6%,420000,200ml
815,Nước Hoa Nữ Narciso Rodriguez Pure Musc For Her EDP,Eau De Parfum,10440000,10%,11600000,200ml
816,Nước Hoa Nữ Versace Pour Femme Dylan Blue EDP,Pour Femme Dylan Blue Eau De Parfum Spray,8608000,35%,13244000,400ml
817,[HSD 07/2024] Nước Hoa Nữ Trussardi Sound Of Donna EDP,Sound Of Donna Eau De Parfum Spray,2904000,70%,9680000,400ml
818,Nước Hoa Vùng Kín Nam Loli & The Wolf Dark Monster,Hương Gỗ Tuyết Tùng Nam Tính Cuốn Hút,992000,17%,1200000,40ml
819,Xịt Thơm Toàn Thân Kiss My Body Sweet Poison,Perfume Mist,672000,1%,676000,352ml
820,Xịt Thơm Toàn Thân Bodymiss Hương Blinded Love,,424000,32%,624000,420ml
821,[HSD 12/2024] Xịt Thơm Toàn Thân Malissa Kiss Hương Happy Sundae,Perfume Mist,308000,54%,676000,352ml
822,[HSD 11/2024] Xịt Thơm Toàn Thân Và Tóc Silkygirl Hương Floral Blush,Fragrance Mist Hair And Body #Floral Blush,176000,56%,396000,200ml
823,[HSD 01/2025] Xịt Thơm Toàn Thân Malissa Kiss Hương Cozy Beach,Perfume Mist,308000,54%,676000,352ml
824,[HSD 10/2024] Xịt Thơm Toàn Thân Và Tóc Silkygirl Hương Love Bloom,Fragrance Mist Hair And Body #Love Bloom,316000,20%,396000,200ml
825,Nước Hoa Nữ Marc Jacobs Daisy EDT,Daisy Eau De Toilette,8996000,37%,14280000,400ml
826,Xịt Thơm Toàn Thân Kiss My Body Hottie,Perfume Mist,672000,1%,676000,352ml
827,Nước Hoa Nữ Diamond Femme (Trắng),Eau De Parfum,1505000,45%,2745000,225ml
828,Nước Hoa Vùng Kín Foellie Hương Hoa Hồng Mạnh Mẽ,Inner Perfume #Eau De Bijou,720000,59%,1750000,25ml
829,Nước Hoa Nữ Diamond Femme Pink (Hồng),Eau De Parfum,1375000,50%,2745000,225ml
830,Nước Hoa Nam Diamond Homme (Đen),Eau De Parfum,1375000,50%,2745000,225ml
831,Nước Hoa Nữ Diamond Femme Ruby Red (Đỏ),Eau De Parfum,1505000,45%,2745000,225ml
832,Nước Hoa Nữ Gennie Little Gold Dress,Little Gold Dress,730000,33%,1095000,250ml
833,Nước Hoa Vùng Kín Foellie Hương Trái Cây Ngọt Ngào,Inner Perfume #Eau De Fleur,895000,49%,1750000,25ml
834,Nước Hoa Nữ Gennie Little Black Dress,Little Black Dress,730000,33%,1095000,250ml
835,Xịt Thơm Toàn Thân Malissa Kiss Hương Crazy in Love,Perfume Body Mist,670000,21%,845000,440ml
837,Nước Hoa Nữ De Memoria EDP #05 Montpellier,Eau De Parfum,1770000,36%,2750000,150ml
838,Nước Hoa Nữ De Memoria #02 Val De Loire Hương Tươi Mát,Eau De Parfum,1770000,36%,2750000,150ml
839,Xịt Thơm Toàn Thân Bodymiss Hương Stop & Stare,,270000,32%,395000,175ml
840,Nước Hoa Nữ Gennie Little Red Dress,Little Red Dress,550000,50%,1095000,250ml
841,Nước Hoa Nam Gota Iconic Eau de Parfum,Iconic Perfume For Men Eau de Parfum,740000,50%,1480000,250ml
843,Nước Hoa Nữ De Memoria EDP #04 Dresden,Eau De Parfum,1770000,36%,2750000,150ml
844,Nước Hoa Vùng Kín Foellie Hương Hoa Hồng Trắng,Inner Perfume #Eau De Ciel,895000,49%,1750000,25ml
845,Nước Hoa Nam Diamond Homme Dark Blue (Xanh),Eau De Parfum,1505000,45%,2745000,225ml
846,Nước Hoa Nữ Gennie Little Rose Dress Bản Giới Hạn,Little Rose Dress For Her,875000,50%,1745000,250ml
847,Nước Hoa Vùng Kín Foellie Hoa Đinh Hương Bản Giới Hạn,Inner Perfume #Eau De Tuileries,945000,46%,1750000,25ml
848,Nước Hoa Nữ Versace Bright Crystal Absolu EDP,Bright Crystal Absolu Eau de Parfum Natural Spray,8945000,39%,14575000,450ml
849,Nước Hoa Nam Diamond Homme Brown (Nâu),Eau De Parfum,1505000,40%,2495000,225ml
850,Nước Hoa Nữ Carolina Herrera Good Girl EDP,Good Girl Eau De Parfum Natural Spray,9045000,10%,10050000,150ml
851,Xịt Thơm Toàn Thân Malissa Kiss Hương Sweet Poison,Perfume Mist,670000,21%,845000,440ml
852,Xịt Thơm Toàn Thân Malissa Kiss Hương Adore You,Perfume Mist,670000,21%,845000,440ml
853,Nước Hoa Nam Versace Pour Homme EDT,Pour Homme Eau De Toilette Spray,7215000,19%,8910000,250ml
854,Nước Hoa Nữ Laura Anne Allure For Her (Hồng),Eau de Parfum,920000,38%,1495000,250ml
855,Nước Hoa Nữ Lancôme La Nuit Tresor EDP,La Nuit Tresor Eau De Parfum,14100000,9%,15500000,375ml
856,Nước Hoa Nam Paco Rabanne 1 Million Parfum EDP,1 Million Parfum EDP,15120000,10%,16800000,500ml
857,Xịt Thơm Toàn Thân Malissa Kiss Hương Nước Hoa Passion,Perfume Mist,670000,21%,845000,440ml
858,Nước Hoa Nữ Versace Bright Crystal EDT,Bright Crystal Eau de Toilette Spray,5950000,59%,14525000,250ml
859,Nước Hoa Vùng Kín Foellie Hương Hoa Nhài Bản Giới Hạn,Inner Perfume #Eau De Venus,820000,53%,1750000,25ml
860,Nước Hoa Nữ De Memoria EDP #03 Granada,Eau De Parfum,1770000,36%,2750000,150ml
861,Nước Hoa Nữ De Memoria EDP #06 Grasse,Eau De Parfum,1770000,36%,2750000,150ml
862,Nước Hoa Nữ Verites After The Rain,After The Rain Inspired By My Burberry,955000,20%,1195000,250ml
863,Nước Hoa Nam Versace Eros Flame EDP,Eros Flame Eau de Parfum Spray,11180000,19%,13805000,500ml
864,Xịt Thơm Toàn Thân Malissa Kiss Hương Lost In Paradise,Perfume Body Mist,670000,21%,845000,440ml
865,Xịt Thơm Toàn Thân Malissa Kiss Hương Nước Hoa Delight,Perfume Mist,670000,21%,845000,440ml
866,Xịt Thơm Toàn Thân Malissa Kiss Hương Fresh Escape,Perfume Mist,420000,50%,845000,440ml
867,Nước Hoa Nam Gota Urban Eau de Parfum,Urban Perfume For Men Eau de Parfum,1040000,30%,1480000,250ml
868,Xịt Thơm Toàn Thân Malissa Kiss Sweet Vanilla Cotton,Perfume Body Mist,670000,21%,845000,440ml
869,Nước Hoa Nữ De Memoria #01 Spello Hương Mê Hoặc,Eau De Parfum,1765000,36%,2750000,150ml
870,Nước Hoa Vùng Kín Foellie Hương Gỗ Tươi Mát,Inner Perfume #Eau De Foret,895000,17%,1075000,25ml
871,Nước Hoa Nam Nữ Verites Siren,Siren Inspired By Good Girl Velvet Fatale,955000,20%,1195000,250ml
872,Xịt Thơm Toàn Thân Bodymiss Hương Funky Fresh,,545000,30%,780000,525ml
873,Bộ 3 Chai Nước Hoa Nam Nerman 4000/chai,"Hương Thơm Mạnh Mẽ Lôi Cuốn, Lưu Hương Tới 8H",2380000,5%,2495000,50ml
874,Xịt Thơm Toàn Thân Và Tóc Silkygirl Hương Love Bloom,Fragrance Mist Hair And Body #Love Bloom,490000,1%,495000,250ml
875,Xịt Thơm Toàn Thân Malissa Kiss Hương Nước Hoa Charm,Perfume Mist,670000,21%,845000,440ml
876,Nước Hoa Vùng Kín Foellie Hương Hoa Anh Đào,Inner Perfume #Eau De Cherry Blossom,895000,49%,1750000,25ml
877,Nước Hoa Nữ Verites Joie De Vivre,Joie De Vivre Inspired by Miss Dior,955000,20%,1195000,250ml
878,Nước Hoa Nam Laura Anne Mystic For Him (Đen),Eau de Parfum,920000,38%,1495000,250ml
879,Nước Hoa Vùng Kín Nữ Loli And The Wolf Midnight Forest,Hương Hoa Ngọt Ngào Quyến Rũ Lãng Mạn,1240000,17%,1500000,40ml
880,Xịt Thơm Toàn Thân Bodymiss Hương Funky Fresh,,270000,32%,395000,175ml
881,Nước Hoa Nữ Verites Secretly Sexy,Secretly Sexy Inspired By Victoria's Secret Very Sexy,955000,20%,1195000,250ml
882,Nước Hoa Nam Verites Savage Trail,Savage Trail Inspired by Dior Sauvage,955000,20%,1195000,250ml
883,Xịt Thơm Toàn Thân Và Tóc Silkygirl Hương Magic Dream,Fragrance Mist Hair And Body #Magic Dream,490000,1%,495000,250ml
884,Xịt Thơm Toàn Thân Bodymiss Hương Stop & Stare,,545000,30%,780000,525ml
885,Nước Hoa Vùng Kín Foellie Hương Hoa Ngọc Lan Tây,Inner Perfume #Eau De Bebe,895000,49%,1750000,25ml
886,Xịt Thơm Toàn Thân Bodymiss Hương Blinded Love,,270000,32%,395000,175ml
887,Xịt Thơm Toàn Thân Bodymiss Hương Hide & Seek,,270000,32%,395000,175ml
888,Nước Hoa Nam Nữ De Memoria EDP #09 Lampang,Eau De Parfum,1850000,33%,2750000,150ml
889,Nước Hoa Vùng Kín Foellie Hương Dâu Tây Bản XO Giới Hạn,Inner Perfume #Eau De Miel,895000,49%,1750000,25ml
890,Xịt Thơm Toàn Thân Bodymiss Hương Hide & Seek,,545000,30%,780000,525ml
891,Nước Hoa Nam Laura Anne Allure For Him (Đỏ),Eau de Parfum,745000,50%,1495000,250ml
892,Nước Hoa Vùng Kín Foellie Hương Biển Thơm Mát,Inner Perfume #Eau De Vogue,895000,17%,1075000,25ml
893,Xịt Thơm Toàn Thân Malissa Kiss Hương Happy Sundae,Perfume Mist,420000,50%,845000,440ml
894,"Nước Hoa Nữ Verites Her Summer Nữ Tính, Dịu Dàng",,1155000,20%,1445000,250ml
895,Xịt Thơm Toàn Thân Bodymiss Hương Care Free,,270000,32%,395000,175ml
896,Nước Hoa Nam Nữ De Memoria EDP #10 Jiufen,Eau De Parfum,1770000,36%,2750000,150ml
897,Xịt Thơm Toàn Thân Bodymiss Hương Money Honey,,545000,30%,780000,525ml
898,Xịt Thơm Toàn Thân Malissa Kiss Hương Call Me Maybe,Perfume Mist,670000,21%,845000,440ml
899,Xịt Thơm Toàn Thân Malissa Kiss Hương Nước Hoa Tender,Perfume Mist,670000,21%,845000,440ml
900,Xịt Thơm Toàn Thân Malissa Kiss Hương Cozy Beach,Perfume Mist,420000,50%,845000,440ml
902,Nước Hoa Nam Nữ Verites Santal Lab,Santal Lab Inspired By Le Labo Santal 33,1195000,0%,1195000,250ml
903,Xịt Thơm Toàn Thân Malissa Kiss Hương Nước Hoa Fierce,Perfume Mist,670000,21%,845000,440ml
904,Xịt Thơm Toàn Thân Bodymiss Hương Money Honey,,270000,32%,395000,175ml
905,Combo 2 Xịt Thơm Toàn Thân Và Tóc Silkygirl Hương Love Bloom + Floral Blush,Fragrance Mist Hair And Body #Love Bloom & #Floral Blush,800000,9%,880000,250ml
906,[Mini] Nước Hoa Nam Calvin Klein Defy For Men EDT,Defy For Men Eau de Toilette,1900000,0%,1900000,50ml
907,Nước Hoa Nữ Gennie Little Rose Dress Bản Giới Hạn,Little Rose Dress For Her,450000,50%,895000,50ml
908,Nước Hoa Nữ De Memoria EDP #07 Hoian,Eau De Parfum,1770000,36%,2750000,150ml
909,Nước Hoa Vùng Kín Foellie Cherry Đen Bản Giới Hạn,Inner Perfume #Eau De Noir,800000,54%,1750000,25ml
910,"Nước Hoa Nữ Verites Beach Bomb Nhẹ Nhàng, Tươi Mát",,1155000,20%,1445000,250ml
911,"Nước Hoa Nam Verites De Club Cuốn Hút, Lịch Lãm",,1155000,20%,1445000,250ml
912,Combo 2 Xịt Thơm Toàn Thân Và Tóc Silkygirl Hương Magic Dream + Love Bloom,Fragrance Mist Hair And Body #Magic Dream & #Love Bloom,920000,7%,990000,250ml
913,Xịt Thơm Toàn Thân Và Tóc Silkygirl Hương Floral Blush,Fragrance Mist Hair And Body #Floral Blush,490000,1%,495000,250ml
914,Nước Hoa Unisex Verites Chasing Cloud Tươi Mới,,1155000,20%,1445000,250ml
915,Nước Hoa Nữ Laura Anne Mystic For Her (Xám),Eau de Parfum,935000,37%,1495000,250ml
916,Nước Hoa Nam Laura Anne Dynamic For Him (Xanh),Dynamic For Him,1115000,25%,1495000,250ml
917,Xịt Thơm Toàn Thân Malissa Kiss Hương Nước Hoa Desire,Perfume Mist,670000,21%,845000,440ml
918,Xịt Thơm Toàn Thân Malissa Kiss Hương Nước Hoa Sweetie,Perfume Mist,670000,21%,845000,440ml
919,Xịt Thơm Toàn Thân Malissa Kiss Hương Nước Hoa Hottie,Perfume Mist,670000,21%,845000,440ml
920,Xịt Thơm Toàn Thân Kiss My Body Sweetie,Perfume Mist,840000,1%,845000,440ml
921,Nước Hoa Nữ Armaf Club De Nuit Woman,Club De Nuit Woman EDP,3140000,29%,4450000,525ml
922,Xịt Thơm Toàn Thân Kiss My Body Hương Crazy In Love,Perfume Mist,715000,15%,845000,440ml
923,Xịt Thơm Toàn Thân Kiss My Body Sweet Vanilla Cotton,Perfume Mist,715000,15%,845000,440ml
924,Xịt Thơm Toàn Thân Kiss My Body Hương Delight,Perfume Mist,715000,15%,845000,440ml
925,Combo 2 Xịt Thơm Toàn Thân Và Tóc Silkygirl Hương Magic Dream + Floral Blush,Fragrance Mist Hair And Body #Magic Dream & #Floral Blush,920000,7%,990000,250ml
926,Nước Hoa Nữ Narciso Rodriguez Musc Noir For Her EDP,Eau De Parfum,8730000,10%,9700000,150ml
927,Nước Hoa Nữ Chloé Love Story EDP,Eau De Parfum,8425000,29%,11800000,150ml
928,Nước Hoa Nữ Narciso Rodriguez For Her EDP,Eau De Parfum,8730000,10%,9700000,150ml
929,Nước Hoa Nữ Narciso Rodriguez Ambrée EDP,Eau De Parfum,8370000,15%,9850000,150ml
930,Nước Hoa Nữ Narciso Rodriguez Pure Musc For Her EDP,Eau De Parfum,8730000,10%,9700000,150ml
931,Nước Hoa Nữ Narciso Rodriguez For Her EDP,Eau De Parfum,13050000,10%,14500000,250ml
932,Nước Hoa Nữ Narciso Rodriguez For Her EDP,Eau De Parfum,17235000,10%,19150000,500ml
933,Nước Hoa Nữ Narciso Rodriguez For Her EDT,Eau De Toilette,12375000,29%,17350000,500ml
934,Nước Hoa Nữ Marc Jacobs Daisy Ever So Fresh EDP,Eau De Parfum,9000000,19%,11100000,150ml
935,Nước Hoa Nữ Narciso Rodriguez For Her EDT,Eau De Toilette,8450000,35%,13050000,250ml
936,Nước Hoa Nữ Narciso Rodriguez Pure Musc For Her EDP,Eau De Parfum,18185000,5%,19150000,500ml
937,Nước Hoa Nam Tommy Impact Intense EDP,Impact Intense Eau De Perfume,11250000,0%,11250000,250ml
938,Nước Hoa Nam De Memoria EDP #12 Bagan,Eau De Parfum,1850000,33%,2750000,150ml
939,Nước Hoa Nữ Carolina Herrera Very Good Girl Glam EDP,Very Good Girl Glam Eau De Parfum,19665000,10%,21850000,400ml
940,Nước Hoa Nữ Marc Jacobs Daisy Love EDT,Eau De Toilette,5800000,40%,9700000,150ml
941,Nước Hoa Nữ Tommy Now Girl EDT,Now Girl Eau De Toilette,6800000,0%,6800000,150ml
942,Nước Hoa Nam Tommy Now EDT,Now Eau De Toilette,6800000,0%,6800000,150ml
943,Nước Hoa Nữ Carolina Herrera Very Good Girl EDP,Very Good Girl Eau De Parfum,9900000,10%,11000000,150ml
944,Nước Hoa Nam TOMMY Cologne EDT,Cologne Spray,4495000,34%,6800000,150ml
945,Nước Hoa Nữ Marc Jacobs Daisy Dream EDT,Eau De Toilette,4945000,14%,5750000,150ml
946,Nước Hoa Nữ Issey Miyake L'Eau D'Issey EDT,Eau De Toilette,10170000,10%,11300000,250ml
947,Nước Hoa Nam Issey Miyake L'Eau D'Issey Eau & Cèdre,Pour Homme Eau De Toilette Intense,12915000,10%,14350000,500ml
948,Nước Hoa Nữ Issey Miyake A Drop D'Issey EDP,Eau De Parfum,14625000,10%,16250000,450ml
949,Nước Hoa Nam Tommy Impact EDT,Impact Intense Eau De Toilette,10650000,0%,10650000,250ml
950,Nước Hoa Nam Calvin Klein Defy For Men EDT,Eau De Toilette,3395000,47%,6450000,150ml
951,Nước Hoa Nữ Laura Anne Dynamic For Her (Xanh),Eau de Parfum,990000,34%,1495000,250ml
952,Nước Hoa Nữ Issey Miyake A Drop D'Issey EDP Fraiche,Eau De Parfum Fraiche,7605000,10%,8450000,150ml
953,Nước Hoa Nam Nữ Calvin Klein One EDT,Eau De Toilette,4065000,45%,7350000,250ml
954,Nước Hoa Nữ Tommy Girl Cologne EDT,Tommy Girl Cologne Eau de Toilette Spray,4195000,38%,6800000,150ml
955,Nước Hoa Nữ Marc Jacobs Daisy Love Eau So Sweet EDT,Eau De Toilette,8750000,10%,9700000,150ml
956,"Nước Hoa Nữ Verites Starstruck Ngọt Ngào, Quyến Rũ",,1155000,20%,1445000,250ml
957,"Nước Hoa Nữ Verites Midnight Bloom Quyến Rũ, Thanh Lịch",,1155000,20%,1445000,250ml
958,[HSD 02/2025] Nước Hoa Nam De Memoria EDP #12 Bagan,Eau De Parfum,1665000,0%,1665000,150ml
959,Nước Hoa Nam Nữ De Memoria EDP #11 Tai O,Eau De Parfum,1770000,36%,2750000,150ml
960,Nước Hoa Nam Versace Eros Flame EDP,Eros Flame Eau de Parfum Spray,6580000,40%,10945000,250ml
961,[HSD 06/2024] Xịt Thơm Toàn Thân Bodymiss Hương Money Honey,,220000,44%,395000,175ml
962,Nước Hoa Nam Moschino Toy Boy EDP,,11275000,0%,11275000,500ml
963,Nước Hoa Nam Versace Pour Homme Dylan Blue EDT,Pour Homme Dylan Blue Eau De Toilette,9075000,25%,12100000,500ml
964,Nước Hoa Nữ Jean Paul Gaultier Scandal EDP,Scandal Eau De Parfum Spray,9450000,10%,10500000,150ml
965,Nước Hoa Nữ Chloé Nomade EDP,Eau De Parfum,9250000,18%,11250000,150ml
966,Nước Hoa Nữ Burberry Her Blossom EDT,Her Blossom Eau de Toilette,13515000,33%,20150000,500ml
967,[HSD 02/2025] Nước Hoa Nữ De Memoria EDP #07 Hoian,Eau De Parfum,1595000,0%,1595000,150ml
968,Nước Hoa Nữ Marc Jacobs Perfect EDP,Perfect Eau De Parfum,12945000,37%,20550000,500ml
969,Nước Hoa Nữ Chloé L'Eau Eau De Toilette,L'Eau Eau De Toilette,14175000,31%,20650000,500ml
970,Nước Hoa Nữ Chloé Nomade EDP,Eau De Parfum,14660000,32%,21450000,375ml
971,Nước Hoa Nam Lacoste Match Point EDT,Match Point Eau de Toilette,8940000,40%,14850000,500ml
972,Nước Hoa Nữ Signorina Misteriosa,Signorina Misteriosa Eau de Parfum,9100000,22%,11650000,500ml
973,[HSD 06/2024] Xịt Thơm Toàn Thân Bodymiss Hương Blinded Love,,220000,44%,395000,175ml
974,[HSD 03/2025] Nước Hoa Nữ Chloé L'Eau Eau De Toilette,L'Eau Eau De Toilette,11340000,45%,20650000,500ml
975,Nước Hoa Nam Versace Man Eau Fraiche EDT,Eau Fraiche Eau De Toilette,9310000,19%,11495000,500ml
976,Nước Hoa Nữ Moschino Toy 2 EDP,Toy 2 Eau De Parfum,7700000,37%,12210000,500ml
977,Nước Hoa Nữ Burberry Her EDP,Her Eau De Parfum,14835000,41%,24950000,500ml
978,[HSD 06/2024] Xịt Thơm Toàn Thân Bodymiss Hương Care Free,,220000,44%,395000,175ml
979,Nước Hoa Nữ Versace Yellow Diamond EDT,Yellow Diamond Eau De Toilette Natural Spray,9945000,26%,13530000,450ml
980,Nước Hoa Nam Versace Pour Homme Eau De Toilette,Pour Homme Eau De Toilette,7720000,35%,11880000,500ml
981,[HSD 02/2025] Nước Hoa Nữ Laura Anne Dynamic For Her (Xanh),Eau de Parfum,945000,37%,1495000,250ml
982,[HSD 07/2024] Xịt Thơm Toàn Thân Bodymiss Hương Blinded Love,,220000,44%,395000,175ml
983,[HSD 02/2025] Nước Hoa Nam Nữ De Memoria EDP #09 Lampang,Eau De Parfum,1665000,0%,1665000,150ml
984,[HSD 06/2024] Xịt Thơm Toàn Thân Bodymiss Hương Funky Fresh,,220000,44%,395000,175ml
985,Nước Hoa Nữ Marc Jacobs Daisy Intense EDP,Daisy Intense Eau De Parfum,6320000,45%,11450000,150ml
986,Nước Hoa Nam Calvin Klein Euphoria For Men EDT,Euphoria For Men Eau de Toilette,8385000,40%,13900000,500ml
987,[HSD 01/2025] Nước Hoa Nữ Marc Jacobs Daisy Intense EDP,Daisy Intense Eau De Parfum,1015000,30%,1450000,20ml
988,[Mini] Nước Hoa Nữ Burberry Her Blossom EDT 1.,,340000,1%,345000,25ml
989,Nước Hoa Nữ Lancôme La Vie Est Belle Bản Giới Hạn OUI,La Vie Est Belle Oui L'eau De Parfum D'exception,11195000,17%,13500000,250ml
990,Nước Hoa Nữ Chloé Eau De Parfum,,14215000,34%,21450000,375ml
991,[HSD 02/2025] Nước Hoa Nữ Laura Anne Mystic For Her (Xám),Eau de Parfum,780000,0%,780000,250ml
992,Nước Hoa Nam Mr.Burberry Indigo EDT,Indigo For Men EDT Spray,7545000,31%,10900000,250ml
993,[HSD 06/2024] Xịt Thơm Toàn Thân Bodymiss Hương Stop & Stare,,220000,44%,395000,175ml
994,[HSD 07/2024] Xịt Thơm Toàn Thân Bodymiss Hương Funky Fresh,,220000,44%,395000,175ml
995,Nước Hoa Nam Calvin Klein Free Eau De Toilette,Free EDT Spray,4915000,48%,9400000,250ml
996,Nước Hoa Nam Versace Eros EDP,Eros Eau De Parfum Natural Spray,9650000,30%,13805000,500ml
997,Nước Hoa Nữ Versace Bright Crystal EDT,Bright Crystal Eau De Toilette,7440000,46%,13800000,450ml
998,Nước Hoa Nam Gota Bouncy Eau de Parfum,Bouncy Perfume For Men Eau de Parfum,740000,50%,1480000,250ml
999,Nước Hoa Nữ Salvatore Ferragamo Signorina Ribelle EDP,,9000000,44%,16115000,500ml
1000,Xịt Thơm Toàn Thân Kiss My Body Adore You,Perfume Mist,840000,1%,845000,440ml
1001,[HSD 07/2024] Xịt Thơm Toàn Thân Và Tóc Silkygirl Hương Magic Dream,Fragrance Mist Hair And Body #Magic Dream,225000,55%,495000,250ml
1002,Xịt Nước Hoa Hằng Ngày X-Men Hương Tươi Mát,Everyday Perfume Mann Up Air,495000,6%,525000,250ml
1003,Nước Hoa Nữ Narciso Rodriguez Pure Musc For Her EDP,Eau De Parfum,13050000,10%,14500000,250ml
1004,Nước Hoa Nữ Versace Pour Femme Dylan Blue EDP,Pour Femme Dylan Blue Eau De Parfum Spray,10760000,35%,16555000,500ml
1005,[HSD 07/2024] Nước Hoa Nữ Trussardi Sound Of Donna EDP,Sound Of Donna Eau De Parfum Spray,3630000,70%,12100000,500ml
1006,Nước Hoa Vùng Kín Nam Loli & The Wolf Dark Monster,Hương Gỗ Tuyết Tùng Nam Tính Cuốn Hút,1240000,17%,1500000,50ml
1007,Xịt Thơm Toàn Thân Kiss My Body Sweet Poison,Perfume Mist,840000,1%,845000,440ml
1008,Xịt Thơm Toàn Thân Bodymiss Hương Blinded Love,,530000,32%,780000,525ml
1009,[HSD 12/2024] Xịt Thơm Toàn Thân Malissa Kiss Hương Happy Sundae,Perfume Mist,385000,54%,845000,440ml
1010,[HSD 11/2024] Xịt Thơm Toàn Thân Và Tóc Silkygirl Hương Floral Blush,Fragrance Mist Hair And Body #Floral Blush,220000,56%,495000,250ml
1011,[HSD 01/2025] Xịt Thơm Toàn Thân Malissa Kiss Hương Cozy Beach,Perfume Mist,385000,54%,845000,440ml
1012,[HSD 10/2024] Xịt Thơm Toàn Thân Và Tóc Silkygirl Hương Love Bloom,Fragrance Mist Hair And Body #Love Bloom,395000,20%,495000,250ml
1013,Nước Hoa Nữ Marc Jacobs Daisy EDT,Daisy Eau De Toilette,11245000,37%,17850000,500ml
1014,Xịt Thơm Toàn Thân Kiss My Body Hottie,Perfume Mist,840000,1%,845000,440ml
