sothutu,Tên_Sản_Phẩm,Thương_Hiệu,Giá_Bán,Giá_Gốc,Dung_Tich,Phần_Trăm_Giảm
0,Nước Hoa Nữ Diamond Femme (Trắng),Eau De Parfum,301000,549000,45ml,45
1,Nước Hoa Vùng Kín Foellie Hương Hoa Hồng Mạnh Mẽ,Inner Perfume #Eau De Bijou,144000,350000,5ml,59
2,Nước Hoa Nữ Diamond Femme Pink (Hồng),Eau De Parfum,275000,549000,45ml,50
3,Nước Hoa Nam Diamond Homme (Đen),Eau De Parfum,275000,549000,45ml,50
4,Nước Hoa Nữ Diamond Femme Ruby Red (Đỏ),Eau De Parfum,301000,549000,45ml,45
5,Nước Hoa Nữ Gennie Little Gold Dress,Little Gold Dress,146000,219000,50ml,33
6,Nước Hoa Vùng Kín Foellie Hương Trái Cây Ngọt Ngào,Inner Perfume #Eau De Fleur,179000,350000,5ml,49
7,Nước Hoa Nữ Gennie Little Black Dress,Little Black Dress,146000,219000,50ml,33
8,Xịt Thơm Toàn Thân Malissa Kiss Hương Crazy in Love,Perfume Body Mist,134000,169000,88ml,21
10,Nước Hoa Nữ De Memoria EDP #05 Montpellier,Eau De Parfum,354000,550000,30ml,36
11,Nước Hoa Nữ De Memoria #02 Val De Loire Hương Tươi Mát,Eau De Parfum,354000,550000,30ml,36
12,Xịt Thơm Toàn Thân Bodymiss Hương Stop & Stare,,54000,79000,35ml,32
13,Nước Hoa Nữ Gennie Little Red Dress,Little Red Dress,110000,219000,50ml,50
14,Nước Hoa Nam Gota Iconic Eau de Parfum,Iconic Perfume For Men Eau de Parfum,148000,296000,50ml,50
16,Nước Hoa Nữ De Memoria EDP #04 Dresden,Eau De Parfum,354000,550000,30ml,36
17,Nước Hoa Vùng Kín Foellie Hương Hoa Hồng Trắng,Inner Perfume #Eau De Ciel,179000,350000,5ml,49
18,Nước Hoa Nam Diamond Homme Dark Blue (Xanh),Eau De Parfum,301000,549000,45ml,45
19,Nước Hoa Nữ Gennie Little Rose Dress Bản Giới Hạn,Little Rose Dress For Her,175000,349000,50ml,50
20,Nước Hoa Vùng Kín Foellie Hoa Đinh Hương Bản Giới Hạn,Inner Perfume #Eau De Tuileries,189000,350000,5ml,46
21,Nước Hoa Nữ Versace Bright Crystal Absolu EDP,Bright Crystal Absolu Eau de Parfum Natural Spray,1789000,2915000,90ml,39
22,Nước Hoa Nam Diamond Homme Brown (Nâu),Eau De Parfum,301000,499000,45ml,40
23,Nước Hoa Nữ Carolina Herrera Good Girl EDP,Good Girl Eau De Parfum Natural Spray,1809000,2010000,30ml,10
24,Xịt Thơm Toàn Thân Malissa Kiss Hương Sweet Poison,Perfume Mist,134000,169000,88ml,21
25,Xịt Thơm Toàn Thân Malissa Kiss Hương Adore You,Perfume Mist,134000,169000,88ml,21
26,Nước Hoa Nam Versace Pour Homme EDT,Pour Homme Eau De Toilette Spray,1443000,1782000,50ml,19
27,Nước Hoa Nữ Laura Anne Allure For Her (Hồng),Eau de Parfum,184000,299000,50ml,38
28,Nước Hoa Nữ Lancôme La Nuit Tresor EDP,La Nuit Tresor Eau De Parfum,2820000,3100000,75ml,9
29,Nước Hoa Nam Paco Rabanne 1 Million Parfum EDP,1 Million Parfum EDP,3024000,3360000,100ml,10
30,Xịt Thơm Toàn Thân Malissa Kiss Hương Nước Hoa Passion,Perfume Mist,134000,169000,88ml,21
31,Nước Hoa Nữ Versace Bright Crystal EDT,Bright Crystal Eau de Toilette Spray,1190000,2905000,50ml,59
32,Nước Hoa Vùng Kín Foellie Hương Hoa Nhài Bản Giới Hạn,Inner Perfume #Eau De Venus,164000,350000,5ml,53
33,Nước Hoa Nữ De Memoria EDP #03 Granada,Eau De Parfum,354000,550000,30ml,36
34,Nước Hoa Nữ De Memoria EDP #06 Grasse,Eau De Parfum,354000,550000,30ml,36
35,Nước Hoa Nữ Verites After The Rain,After The Rain Inspired By My Burberry,191000,239000,50ml,20
36,Nước Hoa Nam Versace Eros Flame EDP,Eros Flame Eau de Parfum Spray,2236000,2761000,100ml,19
37,Xịt Thơm Toàn Thân Malissa Kiss Hương Lost In Paradise,Perfume Body Mist,134000,169000,88ml,21
38,Xịt Thơm Toàn Thân Malissa Kiss Hương Nước Hoa Delight,Perfume Mist,134000,169000,88ml,21
39,Xịt Thơm Toàn Thân Malissa Kiss Hương Fresh Escape,Perfume Mist,84000,169000,88ml,50
40,Nước Hoa Nam Gota Urban Eau de Parfum,Urban Perfume For Men Eau de Parfum,208000,296000,50ml,30
41,Xịt Thơm Toàn Thân Malissa Kiss Sweet Vanilla Cotton,Perfume Body Mist,134000,169000,88ml,21
42,Nước Hoa Nữ De Memoria #01 Spello Hương Mê Hoặc,Eau De Parfum,353000,550000,30ml,36
43,Nước Hoa Vùng Kín Foellie Hương Gỗ Tươi Mát,Inner Perfume #Eau De Foret,179000,215000,5ml,17
44,Nước Hoa Nam Nữ Verites Siren,Siren Inspired By Good Girl Velvet Fatale,191000,239000,50ml,20
45,Xịt Thơm Toàn Thân Bodymiss Hương Funky Fresh,,109000,156000,105ml,30
46,Bộ 3 Chai Nước Hoa Nam Nerman 4000/chai,"Hương Thơm Mạnh Mẽ Lôi Cuốn, Lưu Hương Tới 8H",476000,499000,10ml,5
47,Xịt Thơm Toàn Thân Và Tóc Silkygirl Hương Love Bloom,Fragrance Mist Hair And Body #Love Bloom,98000,99000,50ml,1
48,Xịt Thơm Toàn Thân Malissa Kiss Hương Nước Hoa Charm,Perfume Mist,134000,169000,88ml,21
49,Nước Hoa Vùng Kín Foellie Hương Hoa Anh Đào,Inner Perfume #Eau De Cherry Blossom,179000,350000,5ml,49
50,Nước Hoa Nữ Verites Joie De Vivre,Joie De Vivre Inspired by Miss Dior,191000,239000,50ml,20
51,Nước Hoa Nam Laura Anne Mystic For Him (Đen),Eau de Parfum,184000,299000,50ml,38
52,Nước Hoa Vùng Kín Nữ Loli And The Wolf Midnight Forest,Hương Hoa Ngọt Ngào Quyến Rũ Lãng Mạn,248000,300000,8ml,17
53,Xịt Thơm Toàn Thân Bodymiss Hương Funky Fresh,,54000,79000,35ml,32
54,Nước Hoa Nữ Verites Secretly Sexy,Secretly Sexy Inspired By Victoria's Secret Very Sexy,191000,239000,50ml,20
55,Nước Hoa Nam Verites Savage Trail,Savage Trail Inspired by Dior Sauvage,191000,239000,50ml,20
56,Xịt Thơm Toàn Thân Và Tóc Silkygirl Hương Magic Dream,Fragrance Mist Hair And Body #Magic Dream,98000,99000,50ml,1
57,Xịt Thơm Toàn Thân Bodymiss Hương Stop & Stare,,109000,156000,105ml,30
58,Nước Hoa Vùng Kín Foellie Hương Hoa Ngọc Lan Tây,Inner Perfume #Eau De Bebe,179000,350000,5ml,49
59,Xịt Thơm Toàn Thân Bodymiss Hương Blinded Love,,54000,79000,35ml,32
60,Xịt Thơm Toàn Thân Bodymiss Hương Hide & Seek,,54000,79000,35ml,32
61,Nước Hoa Nam Nữ De Memoria EDP #09 Lampang,Eau De Parfum,370000,550000,30ml,33
62,Nước Hoa Vùng Kín Foellie Hương Dâu Tây Bản XO Giới Hạn,Inner Perfume #Eau De Miel,179000,350000,5ml,49
63,Xịt Thơm Toàn Thân Bodymiss Hương Hide & Seek,,109000,156000,105ml,30
64,Nước Hoa Nam Laura Anne Allure For Him (Đỏ),Eau de Parfum,149000,299000,50ml,50
65,Nước Hoa Vùng Kín Foellie Hương Biển Thơm Mát,Inner Perfume #Eau De Vogue,179000,215000,5ml,17
66,Xịt Thơm Toàn Thân Malissa Kiss Hương Happy Sundae,Perfume Mist,84000,169000,88ml,50
67,"Nước Hoa Nữ Verites Her Summer Nữ Tính, Dịu Dàng",,231000,289000,50ml,20
68,Xịt Thơm Toàn Thân Bodymiss Hương Care Free,,54000,79000,35ml,32
69,Nước Hoa Nam Nữ De Memoria EDP #10 Jiufen,Eau De Parfum,354000,550000,30ml,36
70,Xịt Thơm Toàn Thân Bodymiss Hương Money Honey,,109000,156000,105ml,30
71,Xịt Thơm Toàn Thân Malissa Kiss Hương Call Me Maybe,Perfume Mist,134000,169000,88ml,21
72,Xịt Thơm Toàn Thân Malissa Kiss Hương Nước Hoa Tender,Perfume Mist,134000,169000,88ml,21
73,Xịt Thơm Toàn Thân Malissa Kiss Hương Cozy Beach,Perfume Mist,84000,169000,88ml,50
75,Nước Hoa Nam Nữ Verites Santal Lab,Santal Lab Inspired By Le Labo Santal 33,239000,239000,50ml,0
76,Xịt Thơm Toàn Thân Malissa Kiss Hương Nước Hoa Fierce,Perfume Mist,134000,169000,88ml,21
77,Xịt Thơm Toàn Thân Bodymiss Hương Money Honey,,54000,79000,35ml,32
78,Combo 2 Xịt Thơm Toàn Thân Và Tóc Silkygirl Hương Love Bloom + Floral Blush,Fragrance Mist Hair And Body #Love Bloom & #Floral Blush,160000,176000,50ml,9
79,[Mini] Nước Hoa Nam Calvin Klein Defy For Men EDT,Defy For Men Eau de Toilette,380000,380000,10ml,0
80,Nước Hoa Nữ Gennie Little Rose Dress Bản Giới Hạn,Little Rose Dress For Her,90000,179000,10ml,50
81,Nước Hoa Nữ De Memoria EDP #07 Hoian,Eau De Parfum,354000,550000,30ml,36
82,Nước Hoa Vùng Kín Foellie Cherry Đen Bản Giới Hạn,Inner Perfume #Eau De Noir,160000,350000,5ml,54
83,"Nước Hoa Nữ Verites Beach Bomb Nhẹ Nhàng, Tươi Mát",,231000,289000,50ml,20
84,"Nước Hoa Nam Verites De Club Cuốn Hút, Lịch Lãm",,231000,289000,50ml,20
85,Combo 2 Xịt Thơm Toàn Thân Và Tóc Silkygirl Hương Magic Dream + Love Bloom,Fragrance Mist Hair And Body #Magic Dream & #Love Bloom,184000,198000,50ml,7
86,Xịt Thơm Toàn Thân Và Tóc Silkygirl Hương Floral Blush,Fragrance Mist Hair And Body #Floral Blush,98000,99000,50ml,1
87,Nước Hoa Unisex Verites Chasing Cloud Tươi Mới,,231000,289000,50ml,20
88,Nước Hoa Nữ Laura Anne Mystic For Her (Xám),Eau de Parfum,187000,299000,50ml,37
89,Nước Hoa Nam Laura Anne Dynamic For Him (Xanh),Dynamic For Him,223000,299000,50ml,25
90,Xịt Thơm Toàn Thân Malissa Kiss Hương Nước Hoa Desire,Perfume Mist,134000,169000,88ml,21
91,Xịt Thơm Toàn Thân Malissa Kiss Hương Nước Hoa Sweetie,Perfume Mist,134000,169000,88ml,21
92,Xịt Thơm Toàn Thân Malissa Kiss Hương Nước Hoa Hottie,Perfume Mist,134000,169000,88ml,21
93,Xịt Thơm Toàn Thân Kiss My Body Sweetie,Perfume Mist,168000,169000,88ml,1
94,Nước Hoa Nữ Armaf Club De Nuit Woman,Club De Nuit Woman EDP,628000,890000,105ml,29
95,Xịt Thơm Toàn Thân Kiss My Body Hương Crazy In Love,Perfume Mist,143000,169000,88ml,15
96,Xịt Thơm Toàn Thân Kiss My Body Sweet Vanilla Cotton,Perfume Mist,143000,169000,88ml,15
97,Xịt Thơm Toàn Thân Kiss My Body Hương Delight,Perfume Mist,143000,169000,88ml,15
98,Combo 2 Xịt Thơm Toàn Thân Và Tóc Silkygirl Hương Magic Dream + Floral Blush,Fragrance Mist Hair And Body #Magic Dream & #Floral Blush,184000,198000,50ml,7
99,Nước Hoa Nữ Narciso Rodriguez Musc Noir For Her EDP,Eau De Parfum,1746000,1940000,30ml,10
100,Nước Hoa Nữ Chloé Love Story EDP,Eau De Parfum,1685000,2360000,30ml,29
101,Nước Hoa Nữ Narciso Rodriguez For Her EDP,Eau De Parfum,1746000,1940000,30ml,10
102,Nước Hoa Nữ Narciso Rodriguez Ambrée EDP,Eau De Parfum,1674000,1970000,30ml,15
103,Nước Hoa Nữ Narciso Rodriguez Pure Musc For Her EDP,Eau De Parfum,1746000,1940000,30ml,10
104,Nước Hoa Nữ Narciso Rodriguez For Her EDP,Eau De Parfum,2610000,2900000,50ml,10
105,Nước Hoa Nữ Narciso Rodriguez For Her EDP,Eau De Parfum,3447000,3830000,100ml,10
106,Nước Hoa Nữ Narciso Rodriguez For Her EDT,Eau De Toilette,2475000,3470000,100ml,29
107,Nước Hoa Nữ Marc Jacobs Daisy Ever So Fresh EDP,Eau De Parfum,1800000,2220000,30ml,19
108,Nước Hoa Nữ Narciso Rodriguez For Her EDT,Eau De Toilette,1690000,2610000,50ml,35
109,Nước Hoa Nữ Narciso Rodriguez Pure Musc For Her EDP,Eau De Parfum,3637000,3830000,100ml,5
110,Nước Hoa Nam Tommy Impact Intense EDP,Impact Intense Eau De Perfume,2250000,2250000,50ml,0
111,Nước Hoa Nam De Memoria EDP #12 Bagan,Eau De Parfum,370000,550000,30ml,33
112,Nước Hoa Nữ Carolina Herrera Very Good Girl Glam EDP,Very Good Girl Glam Eau De Parfum,3933000,4370000,80ml,10
113,Nước Hoa Nữ Marc Jacobs Daisy Love EDT,Eau De Toilette,1160000,1940000,30ml,40
114,Nước Hoa Nữ Tommy Now Girl EDT,Now Girl Eau De Toilette,1360000,1360000,30ml,0
115,Nước Hoa Nam Tommy Now EDT,Now Eau De Toilette,1360000,1360000,30ml,0
116,Nước Hoa Nữ Carolina Herrera Very Good Girl EDP,Very Good Girl Eau De Parfum,1980000,2200000,30ml,10
117,Nước Hoa Nam TOMMY Cologne EDT,Cologne Spray,899000,1360000,30ml,34
118,Nước Hoa Nữ Marc Jacobs Daisy Dream EDT,Eau De Toilette,989000,1150000,30ml,14
119,Nước Hoa Nữ Issey Miyake L'Eau D'Issey EDT,Eau De Toilette,2034000,2260000,50ml,10
120,Nước Hoa Nam Issey Miyake L'Eau D'Issey Eau & Cèdre,Pour Homme Eau De Toilette Intense,2583000,2870000,100ml,10
121,Nước Hoa Nữ Issey Miyake A Drop D'Issey EDP,Eau De Parfum,2925000,3250000,90ml,10
122,Nước Hoa Nam Tommy Impact EDT,Impact Intense Eau De Toilette,2130000,2130000,50ml,0
123,Nước Hoa Nam Calvin Klein Defy For Men EDT,Eau De Toilette,679000,1290000,30ml,47
124,Nước Hoa Nữ Laura Anne Dynamic For Her (Xanh),Eau de Parfum,198000,299000,50ml,34
125,Nước Hoa Nữ Issey Miyake A Drop D'Issey EDP Fraiche,Eau De Parfum Fraiche,1521000,1690000,30ml,10
126,Nước Hoa Nam Nữ Calvin Klein One EDT,Eau De Toilette,813000,1470000,50ml,45
127,Nước Hoa Nữ Tommy Girl Cologne EDT,Tommy Girl Cologne Eau de Toilette Spray,839000,1360000,30ml,38
128,Nước Hoa Nữ Marc Jacobs Daisy Love Eau So Sweet EDT,Eau De Toilette,1750000,1940000,30ml,10
129,"Nước Hoa Nữ Verites Starstruck Ngọt Ngào, Quyến Rũ",,231000,289000,50ml,20
130,"Nước Hoa Nữ Verites Midnight Bloom Quyến Rũ, Thanh Lịch",,231000,289000,50ml,20
131,[HSD 02/2025] Nước Hoa Nam De Memoria EDP #12 Bagan,Eau De Parfum,333000,333000,30ml,0
132,Nước Hoa Nam Nữ De Memoria EDP #11 Tai O,Eau De Parfum,354000,550000,30ml,36
133,Nước Hoa Nam Versace Eros Flame EDP,Eros Flame Eau de Parfum Spray,1316000,2189000,50ml,40
134,[HSD 06/2024] Xịt Thơm Toàn Thân Bodymiss Hương Money Honey,,44000,79000,35ml,44
135,Nước Hoa Nam Moschino Toy Boy EDP,,2255000,2255000,100ml,0
136,Nước Hoa Nam Versace Pour Homme Dylan Blue EDT,Pour Homme Dylan Blue Eau De Toilette,1815000,2420000,100ml,25
137,Nước Hoa Nữ Jean Paul Gaultier Scandal EDP,Scandal Eau De Parfum Spray,1890000,2100000,30ml,10
138,Nước Hoa Nữ Chloé Nomade EDP,Eau De Parfum,1850000,2250000,30ml,18
139,Nước Hoa Nữ Burberry Her Blossom EDT,Her Blossom Eau de Toilette,2703000,4030000,100ml,33
140,[HSD 02/2025] Nước Hoa Nữ De Memoria EDP #07 Hoian,Eau De Parfum,319000,319000,30ml,0
141,Nước Hoa Nữ Marc Jacobs Perfect EDP,Perfect Eau De Parfum,2589000,4110000,100ml,37
142,Nước Hoa Nữ Chloé L'Eau Eau De Toilette,L'Eau Eau De Toilette,2835000,4130000,100ml,31
143,Nước Hoa Nữ Chloé Nomade EDP,Eau De Parfum,2932000,4290000,75ml,32
144,Nước Hoa Nam Lacoste Match Point EDT,Match Point Eau de Toilette,1788000,2970000,100ml,40
145,Nước Hoa Nữ Signorina Misteriosa,Signorina Misteriosa Eau de Parfum,1820000,2330000,100ml,22
146,[HSD 06/2024] Xịt Thơm Toàn Thân Bodymiss Hương Blinded Love,,44000,79000,35ml,44
147,[HSD 03/2025] Nước Hoa Nữ Chloé L'Eau Eau De Toilette,L'Eau Eau De Toilette,2268000,4130000,100ml,45
148,Nước Hoa Nam Versace Man Eau Fraiche EDT,Eau Fraiche Eau De Toilette,1862000,2299000,100ml,19
149,Nước Hoa Nữ Moschino Toy 2 EDP,Toy 2 Eau De Parfum,1540000,2442000,100ml,37
150,Nước Hoa Nữ Burberry Her EDP,Her Eau De Parfum,2967000,4990000,100ml,41
151,[HSD 06/2024] Xịt Thơm Toàn Thân Bodymiss Hương Care Free,,44000,79000,35ml,44
152,Combo Nước Hoa 2 Đầu Silkygirl Hương 02 Love + 03 Joyful,EDP Duo Rollerball,212000,236000,100ml,10
153,Nước Hoa Nữ Versace Yellow Diamond EDT,Yellow Diamond Eau De Toilette Natural Spray,1989000,2706000,90ml,26
154,Nước Hoa Nam Versace Pour Homme Eau De Toilette,Pour Homme Eau De Toilette,1544000,2376000,100ml,35
155,[HSD 02/2025] Nước Hoa Nữ Laura Anne Dynamic For Her (Xanh),Eau de Parfum,189000,299000,50ml,37
156,[HSD 07/2024] Xịt Thơm Toàn Thân Bodymiss Hương Blinded Love,,44000,79000,35ml,44
157,[HSD 02/2025] Nước Hoa Nam Nữ De Memoria EDP #09 Lampang,Eau De Parfum,333000,333000,30ml,0
158,[HSD 06/2024] Xịt Thơm Toàn Thân Bodymiss Hương Funky Fresh,,44000,79000,35ml,44
159,Nước Hoa Nữ Marc Jacobs Daisy Intense EDP,Daisy Intense Eau De Parfum,1264000,2290000,30ml,45
160,Nước Hoa Nam Calvin Klein Euphoria For Men EDT,Euphoria For Men Eau de Toilette,1677000,2780000,100ml,40
161,Combo Malissa Kiss Dưỡng Thể & Xịt Thơm Sweet Vanilla Cotton,,304000,338000,100ml,10
162,[HSD 01/2025] Nước Hoa Nữ Marc Jacobs Daisy Intense EDP,Daisy Intense Eau De Parfum,203000,290000,4ml,30
163,[Mini] Nước Hoa Nữ Burberry Her Blossom EDT 1.,,68000,69000,5ml,1
164,Nước Hoa Nữ Lancôme La Vie Est Belle Bản Giới Hạn OUI,La Vie Est Belle Oui L'eau De Parfum D'exception,2239000,2700000,50ml,17
165,Nước Hoa Nữ Chloé Eau De Parfum,,2843000,4290000,75ml,34
166,Combo Malissa Kiss Dưỡng Thể & Xịt Thơm Happy Sundae,,304000,338000,100ml,10
167,[HSD 02/2025] Nước Hoa Nữ Laura Anne Mystic For Her (Xám),Eau de Parfum,156000,156000,50ml,0
168,Nước Hoa Nam Mr.Burberry Indigo EDT,Indigo For Men EDT Spray,1509000,2180000,50ml,31
169,[HSD 06/2024] Xịt Thơm Toàn Thân Bodymiss Hương Stop & Stare,,44000,79000,35ml,44
170,[HSD 07/2024] Xịt Thơm Toàn Thân Bodymiss Hương Funky Fresh,,44000,79000,35ml,44
171,Nước Hoa Nam Calvin Klein Free Eau De Toilette,Free EDT Spray,983000,1880000,50ml,48
172,Nước Hoa Nam Versace Eros EDP,Eros Eau De Parfum Natural Spray,1930000,2761000,100ml,30
173,Nước Hoa Nữ Versace Bright Crystal EDT,Bright Crystal Eau De Toilette,1488000,2760000,90ml,46
174,Nước Hoa Nam Gota Bouncy Eau de Parfum,Bouncy Perfume For Men Eau de Parfum,148000,296000,50ml,50
175,Nước Hoa Nữ Salvatore Ferragamo Signorina Ribelle EDP,,1800000,3223000,100ml,44
176,Xịt Thơm Toàn Thân Kiss My Body Adore You,Perfume Mist,168000,169000,88ml,1
177,[HSD 07/2024] Xịt Thơm Toàn Thân Và Tóc Silkygirl Hương Magic Dream,Fragrance Mist Hair And Body #Magic Dream,45000,99000,50ml,55
178,Xịt Nước Hoa Hằng Ngày X-Men Hương Tươi Mát,Everyday Perfume Mann Up Air,99000,105000,50ml,6
179,Nước Hoa Nữ Narciso Rodriguez Pure Musc For Her EDP,Eau De Parfum,2610000,2900000,50ml,10
180,Nước Hoa Nữ Versace Pour Femme Dylan Blue EDP,Pour Femme Dylan Blue Eau De Parfum Spray,2152000,3311000,100ml,35
181,[HSD 07/2024] Nước Hoa Nữ Trussardi Sound Of Donna EDP,Sound Of Donna Eau De Parfum Spray,726000,2420000,100ml,70
182,Nước Hoa Vùng Kín Nam Loli & The Wolf Dark Monster,Hương Gỗ Tuyết Tùng Nam Tính Cuốn Hút,248000,300000,10ml,17
183,Xịt Thơm Toàn Thân Kiss My Body Sweet Poison,Perfume Mist,168000,169000,88ml,1
184,Xịt Thơm Toàn Thân Bodymiss Hương Blinded Love,,106000,156000,105ml,32
185,[HSD 12/2024] Xịt Thơm Toàn Thân Malissa Kiss Hương Happy Sundae,Perfume Mist,77000,169000,88ml,54
186,[HSD 11/2024] Xịt Thơm Toàn Thân Và Tóc Silkygirl Hương Floral Blush,Fragrance Mist Hair And Body #Floral Blush,44000,99000,50ml,56
187,[HSD 01/2025] Xịt Thơm Toàn Thân Malissa Kiss Hương Cozy Beach,Perfume Mist,77000,169000,88ml,54
188,[HSD 10/2024] Xịt Thơm Toàn Thân Và Tóc Silkygirl Hương Love Bloom,Fragrance Mist Hair And Body #Love Bloom,79000,99000,50ml,20
189,Nước Hoa Nữ Marc Jacobs Daisy EDT,Daisy Eau De Toilette,2249000,3570000,100ml,37
190,Xịt Thơm Toàn Thân Kiss My Body Hottie,Perfume Mist,168000,169000,88ml,1
191,Nước hoa Dolce&Gabbana The One Gold Pour Homme EDP Intense,Dolce & Gabbana,4032000,4200000,100ml,4
192,Nước hoa Dolce&Gabbana K Pour Homme EDP Intense,Dolce & Gabbana,3628000,3780000,100ml,4
193,Nước hoa Dolce & Gabbana Intenso Pour Homme EDP,Dolce & Gabbana,2736000,2850000,100ml,4
194,Nước hoa YSL La Nuit de L’Homme EDT,Yves Saint Laurent,4051000,4220000,100ml,4
195,Narciso Rodriguez Vetiver Musc For Him EDT,Narciso Rodriguez,2593000,2730000,100ml,5
196,Nước hoa YSL Y Le Parfum EDP,Yves Saint Laurent,5241000,5460000,100ml,4
197,Nước hoa Mcm Onyx EDP,MCM,2014000,2190000,100ml,8
198,Nước hoa JPG LE MALE ELIXIR 23 EDP,Jean Paul Gaultier,3667000,3860000,100ml,5
199,Nước hoa L'HOMME LE PARFUM EDP,Yves Saint Laurent,4617000,4810000,100ml,4
200,Sữa tắm CALVIN KLEIN DEFY FOR MEN HAIR & BODY WASH,Calvin Klein,460000,500000,100ml,8
201,Nước hoa Valentino Uomo Born In Roma Coral Fantasy EDT,Valentino,2745000,2890000,100ml,5
202,Nước hoa Valentino Uomo Born In Roma Yellow Dream EDT,Valentino,2745000,2890000,100ml,5
203,Nước hoa Valentino Uomo Born In Roma EDT,Valentino,2745000,2890000,100ml,5
204,Nước hoa Valentino Uomo EDT,Valentino,2745000,2890000,100ml,5
205,Nước Hoa Azzaro The Most Wanted EDP Intense,Azzaro,2658000,2890000,100ml,8
206,Nước hoa Giorgio Armani Acqua Di Gio Parfum Vaporisateur Rechargeable Refillable Spray,Giorgio Armani,1851000,1949000,100ml,5
207,Nước hoa Gucci Guilty Elixir De Parfum Pour Homme,Gucci,4066000,4280000,100ml,5
208,Nước hoa Hugo Boss Bottled Elixir,Hugo Boss,3413000,3710000,100ml,8
209,Nước hoa Calvin Klein Defy Parfum,Calvin Klein,3808000,4140000,100ml,8
210,Nước hoa Hugo Boss Boss Bottled Parfum,Hugo Boss,4075000,4430000,100ml,8
211,Nước hoa Montblanc Explorer Platinum EDP,Mont Blanc,2802000,2950000,100ml,5
212,Nước hoa Coach Green EDT,Coach,2208000,2400000,100ml,8
213,Nước Hoa Giorgio Armani Acqua Di Gio For Men EDT,Giorgio Armani,2896000,3049000,100ml,5
214,Nước hoa Armani Code For Men EDT,Giorgio Armani,2612000,2750000,100ml,5
215,Nước hoa Y EDP,Yves Saint Laurent,4406000,4590000,100ml,4
216,Nước hoa Prada Luna Rossa EDT,Prada,2894000,3047000,100ml,5
217,Nước Hoa Prada Luna Rossa Ocean EDT,Prada,2894000,3047000,100ml,5
218,Nước hoa Giorgio Armani Acqua Di Gio EDP,Giorgio Armani,3751000,3949000,100ml,5
219,Nước hoa Dolce&Gabbana Light Blue Summer Vibes Pour Homme EDT,Dolce & Gabbana,3408000,3550000,100ml,4
220,Nước hoa Scandal Pour Homme Le Parfum EDP,Jean Paul Gaultier,3534000,3720000,100ml,5
221,Nước hoa Versace Eros Parfum,Versace,3116000,3388000,100ml,8
222,Nước hoa Calvin Klein Defy EDP,Calvin Klein,2769000,3010000,100ml,8
223,Nước hoa Burberry Hero EDP,Burberry,4626000,4870000,100ml,5
224,Nước hoa Burberry Hero EDP,Burberry,451000,475000,100ml,5
225,Nước hoa Gucci Guilty Pour Homme Parfum,Gucci,4750000,5000000,100ml,5
226,Nước hoa Paco Rabanne Fame EDP,Paco Rabanne,3847000,4050000,100ml,5
227,Nước hoa Yves Saint Laurent Libre L'Absolu Platin EDP,Yves Saint Laurent,5299000,5520000,100ml,4
228,Nước hoa Calvin Klein My Euphoria EDP,Calvin Klein,3275000,3560000,100ml,8
229,Nước hoa Paco Rabanne Fame Intense EDP,Paco Rabanne,4560000,4800000,100ml,5
230,Nước hoa Dolce & Gabbana The Only One EDP Intense,Dolce & Gabbana,5040000,5250000,100ml,4
231,Nước hoa Dolce&Gabbana The One Gold EDP Intense,Dolce & Gabbana,4656000,4850000,100ml,4
232,Nước hoa Dolce & Gabbana Q EDP Intense,Dolce & Gabbana,4896000,5100000,100ml,4
233,Nước hoa L'Eau d'IsseySolar Violet EDTI,Issey Miyake,3078000,3240000,100ml,5
234,Nước hoa L'Eau d'Issey pour Homme Solar Lavender EDTI,Issey Miyake,1957000,2060000,100ml,5
235,Giftset YSL Black Opium EDP 4PCS,Yves Saint Laurent,3715000,3870000,100ml,4
236,Giftset YSL Black Opium EDP 3PCS,Yves Saint Laurent,3897000,4060000,100ml,4
237,Nước hoa Carolina Herrera Good Girl EDP,Carolina Herrera,1909000,2010000,100ml,5
238,Giftset YSL Libre EDP 3PCS,Yves Saint Laurent,3715000,3870000,100ml,4
239,Giftset YSL Libre EDP 3PCS,Yves Saint Laurent,4848000,5050000,100ml,4
240,Issey Miyake Ladies A Drop D'issey Essentielle EDP,Issey Miyake,3116000,3280000,100ml,5
241,Narciso Rodriguez Musc Nude For Her EDP,Narciso Rodriguez,3657000,3850000,100ml,5
242,Nước hoa Chloé Signature Lumineuse Roses EDP,Chloe,4949000,5380000,100ml,8
243,Nước hoa Burberry Her Petals Limited Edition,Burberry,4797000,5050000,100ml,5
244,Giftset Lancôme Miracle EDP 3PCS,Lancôme,2016000,2100000,100ml,4
245,Giftset Lancôme La Nuit Tresor 3PCS,Lancôme,2688000,2800000,100ml,4
246,Nước hoa Valentino Donna Born In Roma Intense EDP,Valentino,4493000,4730000,100ml,5
247,NƯỚC HOA LANCÔME LA VIE EST BELLE IRIS ABSOLU EDP,Lancôme,4704000,4900000,100ml,4
248,Nước hoa LIBRE EDT,Yves Saint Laurent,4550000,4740000,100ml,4
249,Nước hoa Black Opium EDP,Yves Saint Laurent,4848000,5050000,100ml,4
250,Nước hoa Coach Love EDP,Coach,2668000,2900000,100ml,8
251,Nước hoa JPG FEMME DIVINE 23 EDP,Jean Paul Gaultier,2118000,2230000,100ml,5
252,Nước hoa Giorgio Armani My Way Parfum EDP,Giorgio Armani,3469000,3652000,100ml,5
253,Nước hoa Giorgio Armani Sì Passione Eclat EDP,Giorgio Armani,3895000,4100000,100ml,5
254,Nước hoa Giorgio Armani Sì Passione Intense EDP,Giorgio Armani,3410000,3590000,100ml,5
255,Nước hoa Giorgio Armani Si EDP,Giorgio Armani,3895000,4100000,100ml,5
256,Nước hoa Mon Paris Intensement EDP,Yves Saint Laurent,5030000,5240000,100ml,4
257,NƯỚC HOA YSL LIBRE EDP - HOL 2023 OS,Yves Saint Laurent,3715000,3870000,100ml,4
258,Nước hoa Valentino Valentina EDP,Valentino,3270000,3443000,100ml,5
259,Nước hoa Valentino Donna Born In Roma Coral Fantasy EDP,Valentino,4131000,4349000,100ml,5
260,Nước hoa Valentino Donna Born In Roma Yellow Dream EDP,Valentino,4131000,4349000,100ml,5
261,Nước hoa Valentino Donna Born In Roma EDP,Valentino,4131000,4349000,100ml,5
262,Nước hoa Valentino Donna EDP,Valentino,4132000,4350000,100ml,5
263,Nước Hoa Nữ Diamond Femme (Trắng),Eau De Parfum,602000,1098000,90ml,45
264,Nước Hoa Vùng Kín Foellie Hương Hoa Hồng Mạnh Mẽ,Inner Perfume #Eau De Bijou,288000,700000,10ml,59
265,Nước Hoa Nữ Diamond Femme Pink (Hồng),Eau De Parfum,550000,1098000,90ml,50
266,Nước Hoa Nam Diamond Homme (Đen),Eau De Parfum,550000,1098000,90ml,50
267,Nước Hoa Nữ Diamond Femme Ruby Red (Đỏ),Eau De Parfum,602000,1098000,90ml,45
268,Nước Hoa Nữ Gennie Little Gold Dress,Little Gold Dress,292000,438000,100ml,33
269,Nước Hoa Vùng Kín Foellie Hương Trái Cây Ngọt Ngào,Inner Perfume #Eau De Fleur,358000,700000,10ml,49
270,Nước Hoa Nữ Gennie Little Black Dress,Little Black Dress,292000,438000,100ml,33
271,Xịt Thơm Toàn Thân Malissa Kiss Hương Crazy in Love,Perfume Body Mist,268000,338000,176ml,21
273,Nước Hoa Nữ De Memoria EDP #05 Montpellier,Eau De Parfum,708000,1100000,60ml,36
274,Nước Hoa Nữ De Memoria #02 Val De Loire Hương Tươi Mát,Eau De Parfum,708000,1100000,60ml,36
275,Xịt Thơm Toàn Thân Bodymiss Hương Stop & Stare,,108000,158000,70ml,32
276,Nước Hoa Nữ Gennie Little Red Dress,Little Red Dress,220000,438000,100ml,50
277,Nước Hoa Nam Gota Iconic Eau de Parfum,Iconic Perfume For Men Eau de Parfum,296000,592000,100ml,50
279,Nước Hoa Nữ De Memoria EDP #04 Dresden,Eau De Parfum,708000,1100000,60ml,36
280,Nước Hoa Vùng Kín Foellie Hương Hoa Hồng Trắng,Inner Perfume #Eau De Ciel,358000,700000,10ml,49
281,Nước Hoa Nam Diamond Homme Dark Blue (Xanh),Eau De Parfum,602000,1098000,90ml,45
282,Nước Hoa Nữ Gennie Little Rose Dress Bản Giới Hạn,Little Rose Dress For Her,350000,698000,100ml,50
283,Nước Hoa Vùng Kín Foellie Hoa Đinh Hương Bản Giới Hạn,Inner Perfume #Eau De Tuileries,378000,700000,10ml,46
284,Nước Hoa Nữ Versace Bright Crystal Absolu EDP,Bright Crystal Absolu Eau de Parfum Natural Spray,3578000,5830000,180ml,39
285,Nước Hoa Nam Diamond Homme Brown (Nâu),Eau De Parfum,602000,998000,90ml,40
286,Nước Hoa Nữ Carolina Herrera Good Girl EDP,Good Girl Eau De Parfum Natural Spray,3618000,4020000,60ml,10
287,Xịt Thơm Toàn Thân Malissa Kiss Hương Sweet Poison,Perfume Mist,268000,338000,176ml,21
288,Xịt Thơm Toàn Thân Malissa Kiss Hương Adore You,Perfume Mist,268000,338000,176ml,21
289,Nước Hoa Nam Versace Pour Homme EDT,Pour Homme Eau De Toilette Spray,2886000,3564000,100ml,19
290,Nước Hoa Nữ Laura Anne Allure For Her (Hồng),Eau de Parfum,368000,598000,100ml,38
291,Nước Hoa Nữ Lancôme La Nuit Tresor EDP,La Nuit Tresor Eau De Parfum,5640000,6200000,150ml,9
292,Nước Hoa Nam Paco Rabanne 1 Million Parfum EDP,1 Million Parfum EDP,6048000,6720000,200ml,10
293,Xịt Thơm Toàn Thân Malissa Kiss Hương Nước Hoa Passion,Perfume Mist,268000,338000,176ml,21
294,Nước Hoa Nữ Versace Bright Crystal EDT,Bright Crystal Eau de Toilette Spray,2380000,5810000,100ml,59
295,Nước Hoa Vùng Kín Foellie Hương Hoa Nhài Bản Giới Hạn,Inner Perfume #Eau De Venus,328000,700000,10ml,53
296,Nước Hoa Nữ De Memoria EDP #03 Granada,Eau De Parfum,708000,1100000,60ml,36
297,Nước Hoa Nữ De Memoria EDP #06 Grasse,Eau De Parfum,708000,1100000,60ml,36
298,Nước Hoa Nữ Verites After The Rain,After The Rain Inspired By My Burberry,382000,478000,100ml,20
299,Nước Hoa Nam Versace Eros Flame EDP,Eros Flame Eau de Parfum Spray,4472000,5522000,200ml,19
300,Xịt Thơm Toàn Thân Malissa Kiss Hương Lost In Paradise,Perfume Body Mist,268000,338000,176ml,21
301,Xịt Thơm Toàn Thân Malissa Kiss Hương Nước Hoa Delight,Perfume Mist,268000,338000,176ml,21
302,Xịt Thơm Toàn Thân Malissa Kiss Hương Fresh Escape,Perfume Mist,168000,338000,176ml,50
303,Nước Hoa Nam Gota Urban Eau de Parfum,Urban Perfume For Men Eau de Parfum,416000,592000,100ml,30
304,Xịt Thơm Toàn Thân Malissa Kiss Sweet Vanilla Cotton,Perfume Body Mist,268000,338000,176ml,21
305,Nước Hoa Nữ De Memoria #01 Spello Hương Mê Hoặc,Eau De Parfum,706000,1100000,60ml,36
306,Nước Hoa Vùng Kín Foellie Hương Gỗ Tươi Mát,Inner Perfume #Eau De Foret,358000,430000,10ml,17
307,Nước Hoa Nam Nữ Verites Siren,Siren Inspired By Good Girl Velvet Fatale,382000,478000,100ml,20
308,Xịt Thơm Toàn Thân Bodymiss Hương Funky Fresh,,218000,312000,210ml,30
309,Bộ 3 Chai Nước Hoa Nam Nerman 4000/chai,"Hương Thơm Mạnh Mẽ Lôi Cuốn, Lưu Hương Tới 8H",952000,998000,20ml,5
310,Xịt Thơm Toàn Thân Và Tóc Silkygirl Hương Love Bloom,Fragrance Mist Hair And Body #Love Bloom,196000,198000,100ml,1
311,Xịt Thơm Toàn Thân Malissa Kiss Hương Nước Hoa Charm,Perfume Mist,268000,338000,176ml,21
312,Nước Hoa Vùng Kín Foellie Hương Hoa Anh Đào,Inner Perfume #Eau De Cherry Blossom,358000,700000,10ml,49
313,Nước Hoa Nữ Verites Joie De Vivre,Joie De Vivre Inspired by Miss Dior,382000,478000,100ml,20
314,Nước Hoa Nam Laura Anne Mystic For Him (Đen),Eau de Parfum,368000,598000,100ml,38
315,Nước Hoa Vùng Kín Nữ Loli And The Wolf Midnight Forest,Hương Hoa Ngọt Ngào Quyến Rũ Lãng Mạn,496000,600000,16ml,17
316,Xịt Thơm Toàn Thân Bodymiss Hương Funky Fresh,,108000,158000,70ml,32
317,Nước Hoa Nữ Verites Secretly Sexy,Secretly Sexy Inspired By Victoria's Secret Very Sexy,382000,478000,100ml,20
318,Nước Hoa Nam Verites Savage Trail,Savage Trail Inspired by Dior Sauvage,382000,478000,100ml,20
319,Xịt Thơm Toàn Thân Và Tóc Silkygirl Hương Magic Dream,Fragrance Mist Hair And Body #Magic Dream,196000,198000,100ml,1
320,Xịt Thơm Toàn Thân Bodymiss Hương Stop & Stare,,218000,312000,210ml,30
321,Nước Hoa Vùng Kín Foellie Hương Hoa Ngọc Lan Tây,Inner Perfume #Eau De Bebe,358000,700000,10ml,49
322,Xịt Thơm Toàn Thân Bodymiss Hương Blinded Love,,108000,158000,70ml,32
323,Xịt Thơm Toàn Thân Bodymiss Hương Hide & Seek,,108000,158000,70ml,32
324,Nước Hoa Nam Nữ De Memoria EDP #09 Lampang,Eau De Parfum,740000,1100000,60ml,33
325,Nước Hoa Vùng Kín Foellie Hương Dâu Tây Bản XO Giới Hạn,Inner Perfume #Eau De Miel,358000,700000,10ml,49
326,Xịt Thơm Toàn Thân Bodymiss Hương Hide & Seek,,218000,312000,210ml,30
327,Nước Hoa Nam Laura Anne Allure For Him (Đỏ),Eau de Parfum,298000,598000,100ml,50
328,Nước Hoa Vùng Kín Foellie Hương Biển Thơm Mát,Inner Perfume #Eau De Vogue,358000,430000,10ml,17
329,Xịt Thơm Toàn Thân Malissa Kiss Hương Happy Sundae,Perfume Mist,168000,338000,176ml,50
330,"Nước Hoa Nữ Verites Her Summer Nữ Tính, Dịu Dàng",,462000,578000,100ml,20
331,Xịt Thơm Toàn Thân Bodymiss Hương Care Free,,108000,158000,70ml,32
332,Nước Hoa Nam Nữ De Memoria EDP #10 Jiufen,Eau De Parfum,708000,1100000,60ml,36
333,Xịt Thơm Toàn Thân Bodymiss Hương Money Honey,,218000,312000,210ml,30
334,Xịt Thơm Toàn Thân Malissa Kiss Hương Call Me Maybe,Perfume Mist,268000,338000,176ml,21
335,Xịt Thơm Toàn Thân Malissa Kiss Hương Nước Hoa Tender,Perfume Mist,268000,338000,176ml,21
336,Xịt Thơm Toàn Thân Malissa Kiss Hương Cozy Beach,Perfume Mist,168000,338000,176ml,50
338,Nước Hoa Nam Nữ Verites Santal Lab,Santal Lab Inspired By Le Labo Santal 33,478000,478000,100ml,0
339,Xịt Thơm Toàn Thân Malissa Kiss Hương Nước Hoa Fierce,Perfume Mist,268000,338000,176ml,21
340,Xịt Thơm Toàn Thân Bodymiss Hương Money Honey,,108000,158000,70ml,32
341,Combo 2 Xịt Thơm Toàn Thân Và Tóc Silkygirl Hương Love Bloom + Floral Blush,Fragrance Mist Hair And Body #Love Bloom & #Floral Blush,320000,352000,100ml,9
342,[Mini] Nước Hoa Nam Calvin Klein Defy For Men EDT,Defy For Men Eau de Toilette,760000,760000,20ml,0
343,Nước Hoa Nữ Gennie Little Rose Dress Bản Giới Hạn,Little Rose Dress For Her,180000,358000,20ml,50
344,Nước Hoa Nữ De Memoria EDP #07 Hoian,Eau De Parfum,708000,1100000,60ml,36
345,Nước Hoa Vùng Kín Foellie Cherry Đen Bản Giới Hạn,Inner Perfume #Eau De Noir,320000,700000,10ml,54
346,"Nước Hoa Nữ Verites Beach Bomb Nhẹ Nhàng, Tươi Mát",,462000,578000,100ml,20
347,"Nước Hoa Nam Verites De Club Cuốn Hút, Lịch Lãm",,462000,578000,100ml,20
348,Combo 2 Xịt Thơm Toàn Thân Và Tóc Silkygirl Hương Magic Dream + Love Bloom,Fragrance Mist Hair And Body #Magic Dream & #Love Bloom,368000,396000,100ml,7
349,Xịt Thơm Toàn Thân Và Tóc Silkygirl Hương Floral Blush,Fragrance Mist Hair And Body #Floral Blush,196000,198000,100ml,1
350,Nước Hoa Unisex Verites Chasing Cloud Tươi Mới,,462000,578000,100ml,20
351,Nước Hoa Nữ Laura Anne Mystic For Her (Xám),Eau de Parfum,374000,598000,100ml,37
352,Nước Hoa Nam Laura Anne Dynamic For Him (Xanh),Dynamic For Him,446000,598000,100ml,25
353,Xịt Thơm Toàn Thân Malissa Kiss Hương Nước Hoa Desire,Perfume Mist,268000,338000,176ml,21
354,Xịt Thơm Toàn Thân Malissa Kiss Hương Nước Hoa Sweetie,Perfume Mist,268000,338000,176ml,21
355,Xịt Thơm Toàn Thân Malissa Kiss Hương Nước Hoa Hottie,Perfume Mist,268000,338000,176ml,21
356,Xịt Thơm Toàn Thân Kiss My Body Sweetie,Perfume Mist,336000,338000,176ml,1
357,Nước Hoa Nữ Armaf Club De Nuit Woman,Club De Nuit Woman EDP,1256000,1780000,210ml,29
358,Xịt Thơm Toàn Thân Kiss My Body Hương Crazy In Love,Perfume Mist,286000,338000,176ml,15
359,Xịt Thơm Toàn Thân Kiss My Body Sweet Vanilla Cotton,Perfume Mist,286000,338000,176ml,15
360,Xịt Thơm Toàn Thân Kiss My Body Hương Delight,Perfume Mist,286000,338000,176ml,15
361,Combo 2 Xịt Thơm Toàn Thân Và Tóc Silkygirl Hương Magic Dream + Floral Blush,Fragrance Mist Hair And Body #Magic Dream & #Floral Blush,368000,396000,100ml,7
362,Nước Hoa Nữ Narciso Rodriguez Musc Noir For Her EDP,Eau De Parfum,3492000,3880000,60ml,10
363,Nước Hoa Nữ Chloé Love Story EDP,Eau De Parfum,3370000,4720000,60ml,29
364,Nước Hoa Nữ Narciso Rodriguez For Her EDP,Eau De Parfum,3492000,3880000,60ml,10
365,Nước Hoa Nữ Narciso Rodriguez Ambrée EDP,Eau De Parfum,3348000,3940000,60ml,15
366,Nước Hoa Nữ Narciso Rodriguez Pure Musc For Her EDP,Eau De Parfum,3492000,3880000,60ml,10
367,Nước Hoa Nữ Narciso Rodriguez For Her EDP,Eau De Parfum,5220000,5800000,100ml,10
368,Nước Hoa Nữ Narciso Rodriguez For Her EDP,Eau De Parfum,6894000,7660000,200ml,10
369,Nước Hoa Nữ Narciso Rodriguez For Her EDT,Eau De Toilette,4950000,6940000,200ml,29
370,Nước Hoa Nữ Marc Jacobs Daisy Ever So Fresh EDP,Eau De Parfum,3600000,4440000,60ml,19
371,Nước Hoa Nữ Narciso Rodriguez For Her EDT,Eau De Toilette,3380000,5220000,100ml,35
372,Nước Hoa Nữ Narciso Rodriguez Pure Musc For Her EDP,Eau De Parfum,7274000,7660000,200ml,5
373,Nước Hoa Nam Tommy Impact Intense EDP,Impact Intense Eau De Perfume,4500000,4500000,100ml,0
374,Nước Hoa Nam De Memoria EDP #12 Bagan,Eau De Parfum,740000,1100000,60ml,33
375,Nước Hoa Nữ Carolina Herrera Very Good Girl Glam EDP,Very Good Girl Glam Eau De Parfum,7866000,8740000,160ml,10
376,Nước Hoa Nữ Marc Jacobs Daisy Love EDT,Eau De Toilette,2320000,3880000,60ml,40
377,Nước Hoa Nữ Tommy Now Girl EDT,Now Girl Eau De Toilette,2720000,2720000,60ml,0
378,Nước Hoa Nam Tommy Now EDT,Now Eau De Toilette,2720000,2720000,60ml,0
379,Nước Hoa Nữ Carolina Herrera Very Good Girl EDP,Very Good Girl Eau De Parfum,3960000,4400000,60ml,10
380,Nước Hoa Nam TOMMY Cologne EDT,Cologne Spray,1798000,2720000,60ml,34
381,Nước Hoa Nữ Marc Jacobs Daisy Dream EDT,Eau De Toilette,1978000,2300000,60ml,14
382,Nước Hoa Nữ Issey Miyake L'Eau D'Issey EDT,Eau De Toilette,4068000,4520000,100ml,10
383,Nước Hoa Nam Issey Miyake L'Eau D'Issey Eau & Cèdre,Pour Homme Eau De Toilette Intense,5166000,5740000,200ml,10
384,Nước Hoa Nữ Issey Miyake A Drop D'Issey EDP,Eau De Parfum,5850000,6500000,180ml,10
385,Nước Hoa Nam Tommy Impact EDT,Impact Intense Eau De Toilette,4260000,4260000,100ml,0
386,Nước Hoa Nam Calvin Klein Defy For Men EDT,Eau De Toilette,1358000,2580000,60ml,47
387,Nước Hoa Nữ Laura Anne Dynamic For Her (Xanh),Eau de Parfum,396000,598000,100ml,34
388,Nước Hoa Nữ Issey Miyake A Drop D'Issey EDP Fraiche,Eau De Parfum Fraiche,3042000,3380000,60ml,10
389,Nước Hoa Nam Nữ Calvin Klein One EDT,Eau De Toilette,1626000,2940000,100ml,45
390,Nước Hoa Nữ Tommy Girl Cologne EDT,Tommy Girl Cologne Eau de Toilette Spray,1678000,2720000,60ml,38
391,Nước Hoa Nữ Marc Jacobs Daisy Love Eau So Sweet EDT,Eau De Toilette,3500000,3880000,60ml,10
392,"Nước Hoa Nữ Verites Starstruck Ngọt Ngào, Quyến Rũ",,462000,578000,100ml,20
393,"Nước Hoa Nữ Verites Midnight Bloom Quyến Rũ, Thanh Lịch",,462000,578000,100ml,20
394,[HSD 02/2025] Nước Hoa Nam De Memoria EDP #12 Bagan,Eau De Parfum,666000,666000,60ml,0
395,Nước Hoa Nam Nữ De Memoria EDP #11 Tai O,Eau De Parfum,708000,1100000,60ml,36
396,Nước Hoa Nam Versace Eros Flame EDP,Eros Flame Eau de Parfum Spray,2632000,4378000,100ml,40
397,[HSD 06/2024] Xịt Thơm Toàn Thân Bodymiss Hương Money Honey,,88000,158000,70ml,44
398,Nước Hoa Nam Moschino Toy Boy EDP,,4510000,4510000,200ml,0
399,Nước Hoa Nam Versace Pour Homme Dylan Blue EDT,Pour Homme Dylan Blue Eau De Toilette,3630000,4840000,200ml,25
400,Nước Hoa Nữ Jean Paul Gaultier Scandal EDP,Scandal Eau De Parfum Spray,3780000,4200000,60ml,10
401,Nước Hoa Nữ Chloé Nomade EDP,Eau De Parfum,3700000,4500000,60ml,18
402,Nước Hoa Nữ Burberry Her Blossom EDT,Her Blossom Eau de Toilette,5406000,8060000,200ml,33
403,[HSD 02/2025] Nước Hoa Nữ De Memoria EDP #07 Hoian,Eau De Parfum,638000,638000,60ml,0
404,Nước Hoa Nữ Marc Jacobs Perfect EDP,Perfect Eau De Parfum,5178000,8220000,200ml,37
405,Nước Hoa Nữ Chloé L'Eau Eau De Toilette,L'Eau Eau De Toilette,5670000,8260000,200ml,31
406,Nước Hoa Nữ Chloé Nomade EDP,Eau De Parfum,5864000,8580000,150ml,32
407,Nước Hoa Nam Lacoste Match Point EDT,Match Point Eau de Toilette,3576000,5940000,200ml,40
408,Nước Hoa Nữ Signorina Misteriosa,Signorina Misteriosa Eau de Parfum,3640000,4660000,200ml,22
409,[HSD 06/2024] Xịt Thơm Toàn Thân Bodymiss Hương Blinded Love,,88000,158000,70ml,44
410,[HSD 03/2025] Nước Hoa Nữ Chloé L'Eau Eau De Toilette,L'Eau Eau De Toilette,4536000,8260000,200ml,45
411,Nước Hoa Nam Versace Man Eau Fraiche EDT,Eau Fraiche Eau De Toilette,3724000,4598000,200ml,19
412,Nước Hoa Nữ Moschino Toy 2 EDP,Toy 2 Eau De Parfum,3080000,4884000,200ml,37
413,Nước Hoa Nữ Burberry Her EDP,Her Eau De Parfum,5934000,9980000,200ml,41
414,[HSD 06/2024] Xịt Thơm Toàn Thân Bodymiss Hương Care Free,,88000,158000,70ml,44
415,Nước Hoa Nữ Versace Yellow Diamond EDT,Yellow Diamond Eau De Toilette Natural Spray,3978000,5412000,180ml,26
416,Nước Hoa Nam Versace Pour Homme Eau De Toilette,Pour Homme Eau De Toilette,3088000,4752000,200ml,35
417,[HSD 02/2025] Nước Hoa Nữ Laura Anne Dynamic For Her (Xanh),Eau de Parfum,378000,598000,100ml,37
418,[HSD 07/2024] Xịt Thơm Toàn Thân Bodymiss Hương Blinded Love,,88000,158000,70ml,44
419,[HSD 02/2025] Nước Hoa Nam Nữ De Memoria EDP #09 Lampang,Eau De Parfum,666000,666000,60ml,0
420,[HSD 06/2024] Xịt Thơm Toàn Thân Bodymiss Hương Funky Fresh,,88000,158000,70ml,44
421,Nước Hoa Nữ Marc Jacobs Daisy Intense EDP,Daisy Intense Eau De Parfum,2528000,4580000,60ml,45
422,Nước Hoa Nam Calvin Klein Euphoria For Men EDT,Euphoria For Men Eau de Toilette,3354000,5560000,200ml,40
423,[HSD 01/2025] Nước Hoa Nữ Marc Jacobs Daisy Intense EDP,Daisy Intense Eau De Parfum,406000,580000,8ml,30
424,[Mini] Nước Hoa Nữ Burberry Her Blossom EDT 1.,,136000,138000,10ml,1
425,Nước Hoa Nữ Lancôme La Vie Est Belle Bản Giới Hạn OUI,La Vie Est Belle Oui L'eau De Parfum D'exception,4478000,5400000,100ml,17
426,Nước Hoa Nữ Chloé Eau De Parfum,,5686000,8580000,150ml,34
427,[HSD 02/2025] Nước Hoa Nữ Laura Anne Mystic For Her (Xám),Eau de Parfum,312000,312000,100ml,0
428,Nước Hoa Nam Mr.Burberry Indigo EDT,Indigo For Men EDT Spray,3018000,4360000,100ml,31
429,[HSD 06/2024] Xịt Thơm Toàn Thân Bodymiss Hương Stop & Stare,,88000,158000,70ml,44
430,[HSD 07/2024] Xịt Thơm Toàn Thân Bodymiss Hương Funky Fresh,,88000,158000,70ml,44
431,Nước Hoa Nam Calvin Klein Free Eau De Toilette,Free EDT Spray,1966000,3760000,100ml,48
432,Nước Hoa Nam Versace Eros EDP,Eros Eau De Parfum Natural Spray,3860000,5522000,200ml,30
433,Nước Hoa Nữ Versace Bright Crystal EDT,Bright Crystal Eau De Toilette,2976000,5520000,180ml,46
434,Nước Hoa Nam Gota Bouncy Eau de Parfum,Bouncy Perfume For Men Eau de Parfum,296000,592000,100ml,50
435,Nước Hoa Nữ Salvatore Ferragamo Signorina Ribelle EDP,,3600000,6446000,200ml,44
436,Xịt Thơm Toàn Thân Kiss My Body Adore You,Perfume Mist,336000,338000,176ml,1
437,[HSD 07/2024] Xịt Thơm Toàn Thân Và Tóc Silkygirl Hương Magic Dream,Fragrance Mist Hair And Body #Magic Dream,90000,198000,100ml,55
438,Xịt Nước Hoa Hằng Ngày X-Men Hương Tươi Mát,Everyday Perfume Mann Up Air,198000,210000,100ml,6
439,Nước Hoa Nữ Narciso Rodriguez Pure Musc For Her EDP,Eau De Parfum,5220000,5800000,100ml,10
440,Nước Hoa Nữ Versace Pour Femme Dylan Blue EDP,Pour Femme Dylan Blue Eau De Parfum Spray,4304000,6622000,200ml,35
441,[HSD 07/2024] Nước Hoa Nữ Trussardi Sound Of Donna EDP,Sound Of Donna Eau De Parfum Spray,1452000,4840000,200ml,70
442,Nước Hoa Vùng Kín Nam Loli & The Wolf Dark Monster,Hương Gỗ Tuyết Tùng Nam Tính Cuốn Hút,496000,600000,20ml,17
443,Xịt Thơm Toàn Thân Kiss My Body Sweet Poison,Perfume Mist,336000,338000,176ml,1
444,Xịt Thơm Toàn Thân Bodymiss Hương Blinded Love,,212000,312000,210ml,32
445,[HSD 12/2024] Xịt Thơm Toàn Thân Malissa Kiss Hương Happy Sundae,Perfume Mist,154000,338000,176ml,54
446,[HSD 11/2024] Xịt Thơm Toàn Thân Và Tóc Silkygirl Hương Floral Blush,Fragrance Mist Hair And Body #Floral Blush,88000,198000,100ml,56
447,[HSD 01/2025] Xịt Thơm Toàn Thân Malissa Kiss Hương Cozy Beach,Perfume Mist,154000,338000,176ml,54
448,[HSD 10/2024] Xịt Thơm Toàn Thân Và Tóc Silkygirl Hương Love Bloom,Fragrance Mist Hair And Body #Love Bloom,158000,198000,100ml,20
449,Nước Hoa Nữ Marc Jacobs Daisy EDT,Daisy Eau De Toilette,4498000,7140000,200ml,37
450,Xịt Thơm Toàn Thân Kiss My Body Hottie,Perfume Mist,336000,338000,176ml,1
451,Nước Hoa Nữ Diamond Femme (Trắng),Eau De Parfum,903000,1647000,135ml,45
452,Nước Hoa Vùng Kín Foellie Hương Hoa Hồng Mạnh Mẽ,Inner Perfume #Eau De Bijou,432000,1050000,15ml,59
453,Nước Hoa Nữ Diamond Femme Pink (Hồng),Eau De Parfum,825000,1647000,135ml,50
454,Nước Hoa Nam Diamond Homme (Đen),Eau De Parfum,825000,1647000,135ml,50
455,Nước Hoa Nữ Diamond Femme Ruby Red (Đỏ),Eau De Parfum,903000,1647000,135ml,45
456,Nước Hoa Nữ Gennie Little Gold Dress,Little Gold Dress,438000,657000,150ml,33
457,Nước Hoa Vùng Kín Foellie Hương Trái Cây Ngọt Ngào,Inner Perfume #Eau De Fleur,537000,1050000,15ml,49
458,Nước Hoa Nữ Gennie Little Black Dress,Little Black Dress,438000,657000,150ml,33
459,Xịt Thơm Toàn Thân Malissa Kiss Hương Crazy in Love,Perfume Body Mist,402000,507000,264ml,21
461,Nước Hoa Nữ De Memoria EDP #05 Montpellier,Eau De Parfum,1062000,1650000,90ml,36
462,Nước Hoa Nữ De Memoria #02 Val De Loire Hương Tươi Mát,Eau De Parfum,1062000,1650000,90ml,36
463,Xịt Thơm Toàn Thân Bodymiss Hương Stop & Stare,,162000,237000,105ml,32
464,Nước Hoa Nữ Gennie Little Red Dress,Little Red Dress,330000,657000,150ml,50
465,Nước Hoa Nam Gota Iconic Eau de Parfum,Iconic Perfume For Men Eau de Parfum,444000,888000,150ml,50
467,Nước Hoa Nữ De Memoria EDP #04 Dresden,Eau De Parfum,1062000,1650000,90ml,36
468,Nước Hoa Vùng Kín Foellie Hương Hoa Hồng Trắng,Inner Perfume #Eau De Ciel,537000,1050000,15ml,49
469,Nước Hoa Nam Diamond Homme Dark Blue (Xanh),Eau De Parfum,903000,1647000,135ml,45
470,Nước Hoa Nữ Gennie Little Rose Dress Bản Giới Hạn,Little Rose Dress For Her,525000,1047000,150ml,50
471,Nước Hoa Vùng Kín Foellie Hoa Đinh Hương Bản Giới Hạn,Inner Perfume #Eau De Tuileries,567000,1050000,15ml,46
472,Nước Hoa Nữ Versace Bright Crystal Absolu EDP,Bright Crystal Absolu Eau de Parfum Natural Spray,5367000,8745000,270ml,39
473,Nước Hoa Nam Diamond Homme Brown (Nâu),Eau De Parfum,903000,1497000,135ml,40
474,Nước Hoa Nữ Carolina Herrera Good Girl EDP,Good Girl Eau De Parfum Natural Spray,5427000,6030000,90ml,10
475,Xịt Thơm Toàn Thân Malissa Kiss Hương Sweet Poison,Perfume Mist,402000,507000,264ml,21
476,Xịt Thơm Toàn Thân Malissa Kiss Hương Adore You,Perfume Mist,402000,507000,264ml,21
477,Nước Hoa Nam Versace Pour Homme EDT,Pour Homme Eau De Toilette Spray,4329000,5346000,150ml,19
478,Nước Hoa Nữ Laura Anne Allure For Her (Hồng),Eau de Parfum,552000,897000,150ml,38
479,Nước Hoa Nữ Lancôme La Nuit Tresor EDP,La Nuit Tresor Eau De Parfum,8460000,9300000,225ml,9
480,Nước Hoa Nam Paco Rabanne 1 Million Parfum EDP,1 Million Parfum EDP,9072000,10080000,300ml,10
481,Xịt Thơm Toàn Thân Malissa Kiss Hương Nước Hoa Passion,Perfume Mist,402000,507000,264ml,21
482,Nước Hoa Nữ Versace Bright Crystal EDT,Bright Crystal Eau de Toilette Spray,3570000,8715000,150ml,59
483,Nước Hoa Vùng Kín Foellie Hương Hoa Nhài Bản Giới Hạn,Inner Perfume #Eau De Venus,492000,1050000,15ml,53
484,Nước Hoa Nữ De Memoria EDP #03 Granada,Eau De Parfum,1062000,1650000,90ml,36
485,Nước Hoa Nữ De Memoria EDP #06 Grasse,Eau De Parfum,1062000,1650000,90ml,36
486,Nước Hoa Nữ Verites After The Rain,After The Rain Inspired By My Burberry,573000,717000,150ml,20
487,Nước Hoa Nam Versace Eros Flame EDP,Eros Flame Eau de Parfum Spray,6708000,8283000,300ml,19
488,Xịt Thơm Toàn Thân Malissa Kiss Hương Lost In Paradise,Perfume Body Mist,402000,507000,264ml,21
489,Xịt Thơm Toàn Thân Malissa Kiss Hương Nước Hoa Delight,Perfume Mist,402000,507000,264ml,21
490,Xịt Thơm Toàn Thân Malissa Kiss Hương Fresh Escape,Perfume Mist,252000,507000,264ml,50
491,Nước Hoa Nam Gota Urban Eau de Parfum,Urban Perfume For Men Eau de Parfum,624000,888000,150ml,30
492,Xịt Thơm Toàn Thân Malissa Kiss Sweet Vanilla Cotton,Perfume Body Mist,402000,507000,264ml,21
493,Nước Hoa Nữ De Memoria #01 Spello Hương Mê Hoặc,Eau De Parfum,1059000,1650000,90ml,36
494,Nước Hoa Vùng Kín Foellie Hương Gỗ Tươi Mát,Inner Perfume #Eau De Foret,537000,645000,15ml,17
495,Nước Hoa Nam Nữ Verites Siren,Siren Inspired By Good Girl Velvet Fatale,573000,717000,150ml,20
496,Xịt Thơm Toàn Thân Bodymiss Hương Funky Fresh,,327000,468000,315ml,30
497,Bộ 3 Chai Nước Hoa Nam Nerman 4000/chai,"Hương Thơm Mạnh Mẽ Lôi Cuốn, Lưu Hương Tới 8H",1428000,1497000,30ml,5
498,Xịt Thơm Toàn Thân Và Tóc Silkygirl Hương Love Bloom,Fragrance Mist Hair And Body #Love Bloom,294000,297000,150ml,1
499,Xịt Thơm Toàn Thân Malissa Kiss Hương Nước Hoa Charm,Perfume Mist,402000,507000,264ml,21
500,Nước Hoa Vùng Kín Foellie Hương Hoa Anh Đào,Inner Perfume #Eau De Cherry Blossom,537000,1050000,15ml,49
501,Nước Hoa Nữ Verites Joie De Vivre,Joie De Vivre Inspired by Miss Dior,573000,717000,150ml,20
502,Nước Hoa Nam Laura Anne Mystic For Him (Đen),Eau de Parfum,552000,897000,150ml,38
503,Nước Hoa Vùng Kín Nữ Loli And The Wolf Midnight Forest,Hương Hoa Ngọt Ngào Quyến Rũ Lãng Mạn,744000,900000,24ml,17
504,Xịt Thơm Toàn Thân Bodymiss Hương Funky Fresh,,162000,237000,105ml,32
505,Nước Hoa Nữ Verites Secretly Sexy,Secretly Sexy Inspired By Victoria's Secret Very Sexy,573000,717000,150ml,20
506,Nước Hoa Nam Verites Savage Trail,Savage Trail Inspired by Dior Sauvage,573000,717000,150ml,20
507,Xịt Thơm Toàn Thân Và Tóc Silkygirl Hương Magic Dream,Fragrance Mist Hair And Body #Magic Dream,294000,297000,150ml,1
508,Xịt Thơm Toàn Thân Bodymiss Hương Stop & Stare,,327000,468000,315ml,30
509,Nước Hoa Vùng Kín Foellie Hương Hoa Ngọc Lan Tây,Inner Perfume #Eau De Bebe,537000,1050000,15ml,49
510,Xịt Thơm Toàn Thân Bodymiss Hương Blinded Love,,162000,237000,105ml,32
511,Xịt Thơm Toàn Thân Bodymiss Hương Hide & Seek,,162000,237000,105ml,32
512,Nước Hoa Nam Nữ De Memoria EDP #09 Lampang,Eau De Parfum,1110000,1650000,90ml,33
513,Nước Hoa Vùng Kín Foellie Hương Dâu Tây Bản XO Giới Hạn,Inner Perfume #Eau De Miel,537000,1050000,15ml,49
514,Xịt Thơm Toàn Thân Bodymiss Hương Hide & Seek,,327000,468000,315ml,30
515,Nước Hoa Nam Laura Anne Allure For Him (Đỏ),Eau de Parfum,447000,897000,150ml,50
516,Nước Hoa Vùng Kín Foellie Hương Biển Thơm Mát,Inner Perfume #Eau De Vogue,537000,645000,15ml,17
517,Xịt Thơm Toàn Thân Malissa Kiss Hương Happy Sundae,Perfume Mist,252000,507000,264ml,50
518,"Nước Hoa Nữ Verites Her Summer Nữ Tính, Dịu Dàng",,693000,867000,150ml,20
519,Xịt Thơm Toàn Thân Bodymiss Hương Care Free,,162000,237000,105ml,32
520,Nước Hoa Nam Nữ De Memoria EDP #10 Jiufen,Eau De Parfum,1062000,1650000,90ml,36
521,Xịt Thơm Toàn Thân Bodymiss Hương Money Honey,,327000,468000,315ml,30
522,Xịt Thơm Toàn Thân Malissa Kiss Hương Call Me Maybe,Perfume Mist,402000,507000,264ml,21
523,Xịt Thơm Toàn Thân Malissa Kiss Hương Nước Hoa Tender,Perfume Mist,402000,507000,264ml,21
524,Xịt Thơm Toàn Thân Malissa Kiss Hương Cozy Beach,Perfume Mist,252000,507000,264ml,50
526,Nước Hoa Nam Nữ Verites Santal Lab,Santal Lab Inspired By Le Labo Santal 33,717000,717000,150ml,0
527,Xịt Thơm Toàn Thân Malissa Kiss Hương Nước Hoa Fierce,Perfume Mist,402000,507000,264ml,21
528,Xịt Thơm Toàn Thân Bodymiss Hương Money Honey,,162000,237000,105ml,32
529,Combo 2 Xịt Thơm Toàn Thân Và Tóc Silkygirl Hương Love Bloom + Floral Blush,Fragrance Mist Hair And Body #Love Bloom & #Floral Blush,480000,528000,150ml,9
530,[Mini] Nước Hoa Nam Calvin Klein Defy For Men EDT,Defy For Men Eau de Toilette,1140000,1140000,30ml,0
531,Nước Hoa Nữ Gennie Little Rose Dress Bản Giới Hạn,Little Rose Dress For Her,270000,537000,30ml,50
532,Nước Hoa Nữ De Memoria EDP #07 Hoian,Eau De Parfum,1062000,1650000,90ml,36
533,Nước Hoa Vùng Kín Foellie Cherry Đen Bản Giới Hạn,Inner Perfume #Eau De Noir,480000,1050000,15ml,54
534,"Nước Hoa Nữ Verites Beach Bomb Nhẹ Nhàng, Tươi Mát",,693000,867000,150ml,20
535,"Nước Hoa Nam Verites De Club Cuốn Hút, Lịch Lãm",,693000,867000,150ml,20
536,Combo 2 Xịt Thơm Toàn Thân Và Tóc Silkygirl Hương Magic Dream + Love Bloom,Fragrance Mist Hair And Body #Magic Dream & #Love Bloom,552000,594000,150ml,7
537,Xịt Thơm Toàn Thân Và Tóc Silkygirl Hương Floral Blush,Fragrance Mist Hair And Body #Floral Blush,294000,297000,150ml,1
538,Nước Hoa Unisex Verites Chasing Cloud Tươi Mới,,693000,867000,150ml,20
539,Nước Hoa Nữ Laura Anne Mystic For Her (Xám),Eau de Parfum,561000,897000,150ml,37
540,Nước Hoa Nam Laura Anne Dynamic For Him (Xanh),Dynamic For Him,669000,897000,150ml,25
541,Xịt Thơm Toàn Thân Malissa Kiss Hương Nước Hoa Desire,Perfume Mist,402000,507000,264ml,21
542,Xịt Thơm Toàn Thân Malissa Kiss Hương Nước Hoa Sweetie,Perfume Mist,402000,507000,264ml,21
543,Xịt Thơm Toàn Thân Malissa Kiss Hương Nước Hoa Hottie,Perfume Mist,402000,507000,264ml,21
544,Xịt Thơm Toàn Thân Kiss My Body Sweetie,Perfume Mist,504000,507000,264ml,1
545,Nước Hoa Nữ Armaf Club De Nuit Woman,Club De Nuit Woman EDP,1884000,2670000,315ml,29
546,Xịt Thơm Toàn Thân Kiss My Body Hương Crazy In Love,Perfume Mist,429000,507000,264ml,15
547,Xịt Thơm Toàn Thân Kiss My Body Sweet Vanilla Cotton,Perfume Mist,429000,507000,264ml,15
548,Xịt Thơm Toàn Thân Kiss My Body Hương Delight,Perfume Mist,429000,507000,264ml,15
549,Combo 2 Xịt Thơm Toàn Thân Và Tóc Silkygirl Hương Magic Dream + Floral Blush,Fragrance Mist Hair And Body #Magic Dream & #Floral Blush,552000,594000,150ml,7
550,Nước Hoa Nữ Narciso Rodriguez Musc Noir For Her EDP,Eau De Parfum,5238000,5820000,90ml,10
551,Nước Hoa Nữ Chloé Love Story EDP,Eau De Parfum,5055000,7080000,90ml,29
552,Nước Hoa Nữ Narciso Rodriguez For Her EDP,Eau De Parfum,5238000,5820000,90ml,10
553,Nước Hoa Nữ Narciso Rodriguez Ambrée EDP,Eau De Parfum,5022000,5910000,90ml,15
554,Nước Hoa Nữ Narciso Rodriguez Pure Musc For Her EDP,Eau De Parfum,5238000,5820000,90ml,10
555,Nước Hoa Nữ Narciso Rodriguez For Her EDP,Eau De Parfum,7830000,8700000,150ml,10
556,Nước Hoa Nữ Narciso Rodriguez For Her EDP,Eau De Parfum,10341000,11490000,300ml,10
557,Nước Hoa Nữ Narciso Rodriguez For Her EDT,Eau De Toilette,7425000,10410000,300ml,29
558,Nước Hoa Nữ Marc Jacobs Daisy Ever So Fresh EDP,Eau De Parfum,5400000,6660000,90ml,19
559,Nước Hoa Nữ Narciso Rodriguez For Her EDT,Eau De Toilette,5070000,7830000,150ml,35
560,Nước Hoa Nữ Narciso Rodriguez Pure Musc For Her EDP,Eau De Parfum,10911000,11490000,300ml,5
561,Nước Hoa Nam Tommy Impact Intense EDP,Impact Intense Eau De Perfume,6750000,6750000,150ml,0
562,Nước Hoa Nam De Memoria EDP #12 Bagan,Eau De Parfum,1110000,1650000,90ml,33
563,Nước Hoa Nữ Carolina Herrera Very Good Girl Glam EDP,Very Good Girl Glam Eau De Parfum,11799000,13110000,240ml,10
564,Nước Hoa Nữ Marc Jacobs Daisy Love EDT,Eau De Toilette,3480000,5820000,90ml,40
565,Nước Hoa Nữ Tommy Now Girl EDT,Now Girl Eau De Toilette,4080000,4080000,90ml,0
566,Nước Hoa Nam Tommy Now EDT,Now Eau De Toilette,4080000,4080000,90ml,0
567,Nước Hoa Nữ Carolina Herrera Very Good Girl EDP,Very Good Girl Eau De Parfum,5940000,6600000,90ml,10
568,Nước Hoa Nam TOMMY Cologne EDT,Cologne Spray,2697000,4080000,90ml,34
569,Nước Hoa Nữ Marc Jacobs Daisy Dream EDT,Eau De Toilette,2967000,3450000,90ml,14
570,Nước Hoa Nữ Issey Miyake L'Eau D'Issey EDT,Eau De Toilette,6102000,6780000,150ml,10
571,Nước Hoa Nam Issey Miyake L'Eau D'Issey Eau & Cèdre,Pour Homme Eau De Toilette Intense,7749000,8610000,300ml,10
572,Nước Hoa Nữ Issey Miyake A Drop D'Issey EDP,Eau De Parfum,8775000,9750000,270ml,10
573,Nước Hoa Nam Tommy Impact EDT,Impact Intense Eau De Toilette,6390000,6390000,150ml,0
574,Nước Hoa Nam Calvin Klein Defy For Men EDT,Eau De Toilette,2037000,3870000,90ml,47
575,Nước Hoa Nữ Laura Anne Dynamic For Her (Xanh),Eau de Parfum,594000,897000,150ml,34
576,Nước Hoa Nữ Issey Miyake A Drop D'Issey EDP Fraiche,Eau De Parfum Fraiche,4563000,5070000,90ml,10
577,Nước Hoa Nam Nữ Calvin Klein One EDT,Eau De Toilette,2439000,4410000,150ml,45
578,Nước Hoa Nữ Tommy Girl Cologne EDT,Tommy Girl Cologne Eau de Toilette Spray,2517000,4080000,90ml,38
579,Nước Hoa Nữ Marc Jacobs Daisy Love Eau So Sweet EDT,Eau De Toilette,5250000,5820000,90ml,10
580,"Nước Hoa Nữ Verites Starstruck Ngọt Ngào, Quyến Rũ",,693000,867000,150ml,20
581,"Nước Hoa Nữ Verites Midnight Bloom Quyến Rũ, Thanh Lịch",,693000,867000,150ml,20
582,[HSD 02/2025] Nước Hoa Nam De Memoria EDP #12 Bagan,Eau De Parfum,999000,999000,90ml,0
583,Nước Hoa Nam Nữ De Memoria EDP #11 Tai O,Eau De Parfum,1062000,1650000,90ml,36
584,Nước Hoa Nam Versace Eros Flame EDP,Eros Flame Eau de Parfum Spray,3948000,6567000,150ml,40
585,[HSD 06/2024] Xịt Thơm Toàn Thân Bodymiss Hương Money Honey,,132000,237000,105ml,44
586,Nước Hoa Nam Moschino Toy Boy EDP,,6765000,6765000,300ml,0
587,Nước Hoa Nam Versace Pour Homme Dylan Blue EDT,Pour Homme Dylan Blue Eau De Toilette,5445000,7260000,300ml,25
588,Nước Hoa Nữ Jean Paul Gaultier Scandal EDP,Scandal Eau De Parfum Spray,5670000,6300000,90ml,10
589,Nước Hoa Nữ Chloé Nomade EDP,Eau De Parfum,5550000,6750000,90ml,18
590,Nước Hoa Nữ Burberry Her Blossom EDT,Her Blossom Eau de Toilette,8109000,12090000,300ml,33
591,[HSD 02/2025] Nước Hoa Nữ De Memoria EDP #07 Hoian,Eau De Parfum,957000,957000,90ml,0
592,Nước Hoa Nữ Marc Jacobs Perfect EDP,Perfect Eau De Parfum,7767000,12330000,300ml,37
593,Nước Hoa Nữ Chloé L'Eau Eau De Toilette,L'Eau Eau De Toilette,8505000,12390000,300ml,31
594,Nước Hoa Nữ Chloé Nomade EDP,Eau De Parfum,8796000,12870000,225ml,32
595,Nước Hoa Nam Lacoste Match Point EDT,Match Point Eau de Toilette,5364000,8910000,300ml,40
596,Nước Hoa Nữ Signorina Misteriosa,Signorina Misteriosa Eau de Parfum,5460000,6990000,300ml,22
597,[HSD 06/2024] Xịt Thơm Toàn Thân Bodymiss Hương Blinded Love,,132000,237000,105ml,44
598,[HSD 03/2025] Nước Hoa Nữ Chloé L'Eau Eau De Toilette,L'Eau Eau De Toilette,6804000,12390000,300ml,45
599,Nước Hoa Nam Versace Man Eau Fraiche EDT,Eau Fraiche Eau De Toilette,5586000,6897000,300ml,19
600,Nước Hoa Nữ Moschino Toy 2 EDP,Toy 2 Eau De Parfum,4620000,7326000,300ml,37
601,Nước Hoa Nữ Burberry Her EDP,Her Eau De Parfum,8901000,14970000,300ml,41
602,[HSD 06/2024] Xịt Thơm Toàn Thân Bodymiss Hương Care Free,,132000,237000,105ml,44
603,Nước Hoa Nữ Versace Yellow Diamond EDT,Yellow Diamond Eau De Toilette Natural Spray,5967000,8118000,270ml,26
604,Nước Hoa Nam Versace Pour Homme Eau De Toilette,Pour Homme Eau De Toilette,4632000,7128000,300ml,35
605,[HSD 02/2025] Nước Hoa Nữ Laura Anne Dynamic For Her (Xanh),Eau de Parfum,567000,897000,150ml,37
606,[HSD 07/2024] Xịt Thơm Toàn Thân Bodymiss Hương Blinded Love,,132000,237000,105ml,44
607,[HSD 02/2025] Nước Hoa Nam Nữ De Memoria EDP #09 Lampang,Eau De Parfum,999000,999000,90ml,0
608,[HSD 06/2024] Xịt Thơm Toàn Thân Bodymiss Hương Funky Fresh,,132000,237000,105ml,44
609,Nước Hoa Nữ Marc Jacobs Daisy Intense EDP,Daisy Intense Eau De Parfum,3792000,6870000,90ml,45
610,Nước Hoa Nam Calvin Klein Euphoria For Men EDT,Euphoria For Men Eau de Toilette,5031000,8340000,300ml,40
611,[HSD 01/2025] Nước Hoa Nữ Marc Jacobs Daisy Intense EDP,Daisy Intense Eau De Parfum,609000,870000,12ml,30
612,[Mini] Nước Hoa Nữ Burberry Her Blossom EDT 1.,,204000,207000,15ml,1
613,Nước Hoa Nữ Lancôme La Vie Est Belle Bản Giới Hạn OUI,La Vie Est Belle Oui L'eau De Parfum D'exception,6717000,8100000,150ml,17
614,Nước Hoa Nữ Chloé Eau De Parfum,,8529000,12870000,225ml,34
615,[HSD 02/2025] Nước Hoa Nữ Laura Anne Mystic For Her (Xám),Eau de Parfum,468000,468000,150ml,0
616,Nước Hoa Nam Mr.Burberry Indigo EDT,Indigo For Men EDT Spray,4527000,6540000,150ml,31
617,[HSD 06/2024] Xịt Thơm Toàn Thân Bodymiss Hương Stop & Stare,,132000,237000,105ml,44
618,[HSD 07/2024] Xịt Thơm Toàn Thân Bodymiss Hương Funky Fresh,,132000,237000,105ml,44
619,Nước Hoa Nam Calvin Klein Free Eau De Toilette,Free EDT Spray,2949000,5640000,150ml,48
620,Nước Hoa Nam Versace Eros EDP,Eros Eau De Parfum Natural Spray,5790000,8283000,300ml,30
621,Nước Hoa Nữ Versace Bright Crystal EDT,Bright Crystal Eau De Toilette,4464000,8280000,270ml,46
622,Nước Hoa Nam Gota Bouncy Eau de Parfum,Bouncy Perfume For Men Eau de Parfum,444000,888000,150ml,50
623,Nước Hoa Nữ Salvatore Ferragamo Signorina Ribelle EDP,,5400000,9669000,300ml,44
624,Xịt Thơm Toàn Thân Kiss My Body Adore You,Perfume Mist,504000,507000,264ml,1
625,[HSD 07/2024] Xịt Thơm Toàn Thân Và Tóc Silkygirl Hương Magic Dream,Fragrance Mist Hair And Body #Magic Dream,135000,297000,150ml,55
626,Xịt Nước Hoa Hằng Ngày X-Men Hương Tươi Mát,Everyday Perfume Mann Up Air,297000,315000,150ml,6
627,Nước Hoa Nữ Narciso Rodriguez Pure Musc For Her EDP,Eau De Parfum,7830000,8700000,150ml,10
628,Nước Hoa Nữ Versace Pour Femme Dylan Blue EDP,Pour Femme Dylan Blue Eau De Parfum Spray,6456000,9933000,300ml,35
629,[HSD 07/2024] Nước Hoa Nữ Trussardi Sound Of Donna EDP,Sound Of Donna Eau De Parfum Spray,2178000,7260000,300ml,70
630,Nước Hoa Vùng Kín Nam Loli & The Wolf Dark Monster,Hương Gỗ Tuyết Tùng Nam Tính Cuốn Hút,744000,900000,30ml,17
631,Xịt Thơm Toàn Thân Kiss My Body Sweet Poison,Perfume Mist,504000,507000,264ml,1
632,Xịt Thơm Toàn Thân Bodymiss Hương Blinded Love,,318000,468000,315ml,32
633,[HSD 12/2024] Xịt Thơm Toàn Thân Malissa Kiss Hương Happy Sundae,Perfume Mist,231000,507000,264ml,54
634,[HSD 11/2024] Xịt Thơm Toàn Thân Và Tóc Silkygirl Hương Floral Blush,Fragrance Mist Hair And Body #Floral Blush,132000,297000,150ml,56
635,[HSD 01/2025] Xịt Thơm Toàn Thân Malissa Kiss Hương Cozy Beach,Perfume Mist,231000,507000,264ml,54
636,[HSD 10/2024] Xịt Thơm Toàn Thân Và Tóc Silkygirl Hương Love Bloom,Fragrance Mist Hair And Body #Love Bloom,237000,297000,150ml,20
637,Nước Hoa Nữ Marc Jacobs Daisy EDT,Daisy Eau De Toilette,6747000,10710000,300ml,37
638,Xịt Thơm Toàn Thân Kiss My Body Hottie,Perfume Mist,504000,507000,264ml,1
639,Nước Hoa Nữ Diamond Femme (Trắng),Eau De Parfum,1204000,2196000,180ml,45
640,Nước Hoa Vùng Kín Foellie Hương Hoa Hồng Mạnh Mẽ,Inner Perfume #Eau De Bijou,576000,1400000,20ml,59
641,Nước Hoa Nữ Diamond Femme Pink (Hồng),Eau De Parfum,1100000,2196000,180ml,50
642,Nước Hoa Nam Diamond Homme (Đen),Eau De Parfum,1100000,2196000,180ml,50
643,Nước Hoa Nữ Diamond Femme Ruby Red (Đỏ),Eau De Parfum,1204000,2196000,180ml,45
644,Nước Hoa Nữ Gennie Little Gold Dress,Little Gold Dress,584000,876000,200ml,33
645,Nước Hoa Vùng Kín Foellie Hương Trái Cây Ngọt Ngào,Inner Perfume #Eau De Fleur,716000,1400000,20ml,49
646,Nước Hoa Nữ Gennie Little Black Dress,Little Black Dress,584000,876000,200ml,33
647,Xịt Thơm Toàn Thân Malissa Kiss Hương Crazy in Love,Perfume Body Mist,536000,676000,352ml,21
649,Nước Hoa Nữ De Memoria EDP #05 Montpellier,Eau De Parfum,1416000,2200000,120ml,36
650,Nước Hoa Nữ De Memoria #02 Val De Loire Hương Tươi Mát,Eau De Parfum,1416000,2200000,120ml,36
651,Xịt Thơm Toàn Thân Bodymiss Hương Stop & Stare,,216000,316000,140ml,32
652,Nước Hoa Nữ Gennie Little Red Dress,Little Red Dress,440000,876000,200ml,50
653,Nước Hoa Nam Gota Iconic Eau de Parfum,Iconic Perfume For Men Eau de Parfum,592000,1184000,200ml,50
655,Nước Hoa Nữ De Memoria EDP #04 Dresden,Eau De Parfum,1416000,2200000,120ml,36
656,Nước Hoa Vùng Kín Foellie Hương Hoa Hồng Trắng,Inner Perfume #Eau De Ciel,716000,1400000,20ml,49
657,Nước Hoa Nam Diamond Homme Dark Blue (Xanh),Eau De Parfum,1204000,2196000,180ml,45
658,Nước Hoa Nữ Gennie Little Rose Dress Bản Giới Hạn,Little Rose Dress For Her,700000,1396000,200ml,50
659,Nước Hoa Vùng Kín Foellie Hoa Đinh Hương Bản Giới Hạn,Inner Perfume #Eau De Tuileries,756000,1400000,20ml,46
660,Nước Hoa Nữ Versace Bright Crystal Absolu EDP,Bright Crystal Absolu Eau de Parfum Natural Spray,7156000,11660000,360ml,39
661,Nước Hoa Nam Diamond Homme Brown (Nâu),Eau De Parfum,1204000,1996000,180ml,40
662,Nước Hoa Nữ Carolina Herrera Good Girl EDP,Good Girl Eau De Parfum Natural Spray,7236000,8040000,120ml,10
663,Xịt Thơm Toàn Thân Malissa Kiss Hương Sweet Poison,Perfume Mist,536000,676000,352ml,21
664,Xịt Thơm Toàn Thân Malissa Kiss Hương Adore You,Perfume Mist,536000,676000,352ml,21
665,Nước Hoa Nam Versace Pour Homme EDT,Pour Homme Eau De Toilette Spray,5772000,7128000,200ml,19
666,Nước Hoa Nữ Laura Anne Allure For Her (Hồng),Eau de Parfum,736000,1196000,200ml,38
667,Nước Hoa Nữ Lancôme La Nuit Tresor EDP,La Nuit Tresor Eau De Parfum,11280000,12400000,300ml,9
668,Nước Hoa Nam Paco Rabanne 1 Million Parfum EDP,1 Million Parfum EDP,12096000,13440000,400ml,10
669,Xịt Thơm Toàn Thân Malissa Kiss Hương Nước Hoa Passion,Perfume Mist,536000,676000,352ml,21
670,Nước Hoa Nữ Versace Bright Crystal EDT,Bright Crystal Eau de Toilette Spray,4760000,11620000,200ml,59
671,Nước Hoa Vùng Kín Foellie Hương Hoa Nhài Bản Giới Hạn,Inner Perfume #Eau De Venus,656000,1400000,20ml,53
672,Nước Hoa Nữ De Memoria EDP #03 Granada,Eau De Parfum,1416000,2200000,120ml,36
673,Nước Hoa Nữ De Memoria EDP #06 Grasse,Eau De Parfum,1416000,2200000,120ml,36
674,Nước Hoa Nữ Verites After The Rain,After The Rain Inspired By My Burberry,764000,956000,200ml,20
675,Nước Hoa Nam Versace Eros Flame EDP,Eros Flame Eau de Parfum Spray,8944000,11044000,400ml,19
676,Xịt Thơm Toàn Thân Malissa Kiss Hương Lost In Paradise,Perfume Body Mist,536000,676000,352ml,21
677,Xịt Thơm Toàn Thân Malissa Kiss Hương Nước Hoa Delight,Perfume Mist,536000,676000,352ml,21
678,Xịt Thơm Toàn Thân Malissa Kiss Hương Fresh Escape,Perfume Mist,336000,676000,352ml,50
679,Nước Hoa Nam Gota Urban Eau de Parfum,Urban Perfume For Men Eau de Parfum,832000,1184000,200ml,30
680,Xịt Thơm Toàn Thân Malissa Kiss Sweet Vanilla Cotton,Perfume Body Mist,536000,676000,352ml,21
681,Nước Hoa Nữ De Memoria #01 Spello Hương Mê Hoặc,Eau De Parfum,1412000,2200000,120ml,36
682,Nước Hoa Vùng Kín Foellie Hương Gỗ Tươi Mát,Inner Perfume #Eau De Foret,716000,860000,20ml,17
683,Nước Hoa Nam Nữ Verites Siren,Siren Inspired By Good Girl Velvet Fatale,764000,956000,200ml,20
684,Xịt Thơm Toàn Thân Bodymiss Hương Funky Fresh,,436000,624000,420ml,30
685,Bộ 3 Chai Nước Hoa Nam Nerman 4000/chai,"Hương Thơm Mạnh Mẽ Lôi Cuốn, Lưu Hương Tới 8H",1904000,1996000,40ml,5
686,Xịt Thơm Toàn Thân Và Tóc Silkygirl Hương Love Bloom,Fragrance Mist Hair And Body #Love Bloom,392000,396000,200ml,1
687,Xịt Thơm Toàn Thân Malissa Kiss Hương Nước Hoa Charm,Perfume Mist,536000,676000,352ml,21
688,Nước Hoa Vùng Kín Foellie Hương Hoa Anh Đào,Inner Perfume #Eau De Cherry Blossom,716000,1400000,20ml,49
689,Nước Hoa Nữ Verites Joie De Vivre,Joie De Vivre Inspired by Miss Dior,764000,956000,200ml,20
690,Nước Hoa Nam Laura Anne Mystic For Him (Đen),Eau de Parfum,736000,1196000,200ml,38
691,Nước Hoa Vùng Kín Nữ Loli And The Wolf Midnight Forest,Hương Hoa Ngọt Ngào Quyến Rũ Lãng Mạn,992000,1200000,32ml,17
692,Xịt Thơm Toàn Thân Bodymiss Hương Funky Fresh,,216000,316000,140ml,32
693,Nước Hoa Nữ Verites Secretly Sexy,Secretly Sexy Inspired By Victoria's Secret Very Sexy,764000,956000,200ml,20
694,Nước Hoa Nam Verites Savage Trail,Savage Trail Inspired by Dior Sauvage,764000,956000,200ml,20
695,Xịt Thơm Toàn Thân Và Tóc Silkygirl Hương Magic Dream,Fragrance Mist Hair And Body #Magic Dream,392000,396000,200ml,1
696,Xịt Thơm Toàn Thân Bodymiss Hương Stop & Stare,,436000,624000,420ml,30
697,Nước Hoa Vùng Kín Foellie Hương Hoa Ngọc Lan Tây,Inner Perfume #Eau De Bebe,716000,1400000,20ml,49
698,Xịt Thơm Toàn Thân Bodymiss Hương Blinded Love,,216000,316000,140ml,32
699,Xịt Thơm Toàn Thân Bodymiss Hương Hide & Seek,,216000,316000,140ml,32
700,Nước Hoa Nam Nữ De Memoria EDP #09 Lampang,Eau De Parfum,1480000,2200000,120ml,33
701,Nước Hoa Vùng Kín Foellie Hương Dâu Tây Bản XO Giới Hạn,Inner Perfume #Eau De Miel,716000,1400000,20ml,49
702,Xịt Thơm Toàn Thân Bodymiss Hương Hide & Seek,,436000,624000,420ml,30
703,Nước Hoa Nam Laura Anne Allure For Him (Đỏ),Eau de Parfum,596000,1196000,200ml,50
704,Nước Hoa Vùng Kín Foellie Hương Biển Thơm Mát,Inner Perfume #Eau De Vogue,716000,860000,20ml,17
705,Xịt Thơm Toàn Thân Malissa Kiss Hương Happy Sundae,Perfume Mist,336000,676000,352ml,50
706,"Nước Hoa Nữ Verites Her Summer Nữ Tính, Dịu Dàng",,924000,1156000,200ml,20
707,Xịt Thơm Toàn Thân Bodymiss Hương Care Free,,216000,316000,140ml,32
708,Nước Hoa Nam Nữ De Memoria EDP #10 Jiufen,Eau De Parfum,1416000,2200000,120ml,36
709,Xịt Thơm Toàn Thân Bodymiss Hương Money Honey,,436000,624000,420ml,30
710,Xịt Thơm Toàn Thân Malissa Kiss Hương Call Me Maybe,Perfume Mist,536000,676000,352ml,21
711,Xịt Thơm Toàn Thân Malissa Kiss Hương Nước Hoa Tender,Perfume Mist,536000,676000,352ml,21
712,Xịt Thơm Toàn Thân Malissa Kiss Hương Cozy Beach,Perfume Mist,336000,676000,352ml,50
714,Nước Hoa Nam Nữ Verites Santal Lab,Santal Lab Inspired By Le Labo Santal 33,956000,956000,200ml,0
715,Xịt Thơm Toàn Thân Malissa Kiss Hương Nước Hoa Fierce,Perfume Mist,536000,676000,352ml,21
716,Xịt Thơm Toàn Thân Bodymiss Hương Money Honey,,216000,316000,140ml,32
717,Combo 2 Xịt Thơm Toàn Thân Và Tóc Silkygirl Hương Love Bloom + Floral Blush,Fragrance Mist Hair And Body #Love Bloom & #Floral Blush,640000,704000,200ml,9
718,[Mini] Nước Hoa Nam Calvin Klein Defy For Men EDT,Defy For Men Eau de Toilette,1520000,1520000,40ml,0
719,Nước Hoa Nữ Gennie Little Rose Dress Bản Giới Hạn,Little Rose Dress For Her,360000,716000,40ml,50
720,Nước Hoa Nữ De Memoria EDP #07 Hoian,Eau De Parfum,1416000,2200000,120ml,36
721,Nước Hoa Vùng Kín Foellie Cherry Đen Bản Giới Hạn,Inner Perfume #Eau De Noir,640000,1400000,20ml,54
722,"Nước Hoa Nữ Verites Beach Bomb Nhẹ Nhàng, Tươi Mát",,924000,1156000,200ml,20
723,"Nước Hoa Nam Verites De Club Cuốn Hút, Lịch Lãm",,924000,1156000,200ml,20
724,Combo 2 Xịt Thơm Toàn Thân Và Tóc Silkygirl Hương Magic Dream + Love Bloom,Fragrance Mist Hair And Body #Magic Dream & #Love Bloom,736000,792000,200ml,7
725,Xịt Thơm Toàn Thân Và Tóc Silkygirl Hương Floral Blush,Fragrance Mist Hair And Body #Floral Blush,392000,396000,200ml,1
726,Nước Hoa Unisex Verites Chasing Cloud Tươi Mới,,924000,1156000,200ml,20
727,Nước Hoa Nữ Laura Anne Mystic For Her (Xám),Eau de Parfum,748000,1196000,200ml,37
728,Nước Hoa Nam Laura Anne Dynamic For Him (Xanh),Dynamic For Him,892000,1196000,200ml,25
729,Xịt Thơm Toàn Thân Malissa Kiss Hương Nước Hoa Desire,Perfume Mist,536000,676000,352ml,21
730,Xịt Thơm Toàn Thân Malissa Kiss Hương Nước Hoa Sweetie,Perfume Mist,536000,676000,352ml,21
731,Xịt Thơm Toàn Thân Malissa Kiss Hương Nước Hoa Hottie,Perfume Mist,536000,676000,352ml,21
732,Xịt Thơm Toàn Thân Kiss My Body Sweetie,Perfume Mist,672000,676000,352ml,1
733,Nước Hoa Nữ Armaf Club De Nuit Woman,Club De Nuit Woman EDP,2512000,3560000,420ml,29
734,Xịt Thơm Toàn Thân Kiss My Body Hương Crazy In Love,Perfume Mist,572000,676000,352ml,15
735,Xịt Thơm Toàn Thân Kiss My Body Sweet Vanilla Cotton,Perfume Mist,572000,676000,352ml,15
736,Xịt Thơm Toàn Thân Kiss My Body Hương Delight,Perfume Mist,572000,676000,352ml,15
737,Combo 2 Xịt Thơm Toàn Thân Và Tóc Silkygirl Hương Magic Dream + Floral Blush,Fragrance Mist Hair And Body #Magic Dream & #Floral Blush,736000,792000,200ml,7
738,Nước Hoa Nữ Narciso Rodriguez Musc Noir For Her EDP,Eau De Parfum,6984000,7760000,120ml,10
739,Nước Hoa Nữ Chloé Love Story EDP,Eau De Parfum,6740000,9440000,120ml,29
740,Nước Hoa Nữ Narciso Rodriguez For Her EDP,Eau De Parfum,6984000,7760000,120ml,10
741,Nước Hoa Nữ Narciso Rodriguez Ambrée EDP,Eau De Parfum,6696000,7880000,120ml,15
742,Nước Hoa Nữ Narciso Rodriguez Pure Musc For Her EDP,Eau De Parfum,6984000,7760000,120ml,10
743,Nước Hoa Nữ Narciso Rodriguez For Her EDP,Eau De Parfum,10440000,11600000,200ml,10
744,Nước Hoa Nữ Narciso Rodriguez For Her EDP,Eau De Parfum,13788000,15320000,400ml,10
745,Nước Hoa Nữ Narciso Rodriguez For Her EDT,Eau De Toilette,9900000,13880000,400ml,29
746,Nước Hoa Nữ Marc Jacobs Daisy Ever So Fresh EDP,Eau De Parfum,7200000,8880000,120ml,19
747,Nước Hoa Nữ Narciso Rodriguez For Her EDT,Eau De Toilette,6760000,10440000,200ml,35
748,Nước Hoa Nữ Narciso Rodriguez Pure Musc For Her EDP,Eau De Parfum,14548000,15320000,400ml,5
749,Nước Hoa Nam Tommy Impact Intense EDP,Impact Intense Eau De Perfume,9000000,9000000,200ml,0
750,Nước Hoa Nam De Memoria EDP #12 Bagan,Eau De Parfum,1480000,2200000,120ml,33
751,Nước Hoa Nữ Carolina Herrera Very Good Girl Glam EDP,Very Good Girl Glam Eau De Parfum,15732000,17480000,320ml,10
752,Nước Hoa Nữ Marc Jacobs Daisy Love EDT,Eau De Toilette,4640000,7760000,120ml,40
753,Nước Hoa Nữ Tommy Now Girl EDT,Now Girl Eau De Toilette,5440000,5440000,120ml,0
754,Nước Hoa Nam Tommy Now EDT,Now Eau De Toilette,5440000,5440000,120ml,0
755,Nước Hoa Nữ Carolina Herrera Very Good Girl EDP,Very Good Girl Eau De Parfum,7920000,8800000,120ml,10
756,Nước Hoa Nam TOMMY Cologne EDT,Cologne Spray,3596000,5440000,120ml,34
757,Nước Hoa Nữ Marc Jacobs Daisy Dream EDT,Eau De Toilette,3956000,4600000,120ml,14
758,Nước Hoa Nữ Issey Miyake L'Eau D'Issey EDT,Eau De Toilette,8136000,9040000,200ml,10
759,Nước Hoa Nam Issey Miyake L'Eau D'Issey Eau & Cèdre,Pour Homme Eau De Toilette Intense,10332000,11480000,400ml,10
760,Nước Hoa Nữ Issey Miyake A Drop D'Issey EDP,Eau De Parfum,11700000,13000000,360ml,10
761,Nước Hoa Nam Tommy Impact EDT,Impact Intense Eau De Toilette,8520000,8520000,200ml,0
762,Nước Hoa Nam Calvin Klein Defy For Men EDT,Eau De Toilette,2716000,5160000,120ml,47
763,Nước Hoa Nữ Laura Anne Dynamic For Her (Xanh),Eau de Parfum,792000,1196000,200ml,34
764,Nước Hoa Nữ Issey Miyake A Drop D'Issey EDP Fraiche,Eau De Parfum Fraiche,6084000,6760000,120ml,10
765,Nước Hoa Nam Nữ Calvin Klein One EDT,Eau De Toilette,3252000,5880000,200ml,45
766,Nước Hoa Nữ Tommy Girl Cologne EDT,Tommy Girl Cologne Eau de Toilette Spray,3356000,5440000,120ml,38
767,Nước Hoa Nữ Marc Jacobs Daisy Love Eau So Sweet EDT,Eau De Toilette,7000000,7760000,120ml,10
768,"Nước Hoa Nữ Verites Starstruck Ngọt Ngào, Quyến Rũ",,924000,1156000,200ml,20
769,"Nước Hoa Nữ Verites Midnight Bloom Quyến Rũ, Thanh Lịch",,924000,1156000,200ml,20
770,[HSD 02/2025] Nước Hoa Nam De Memoria EDP #12 Bagan,Eau De Parfum,1332000,1332000,120ml,0
771,Nước Hoa Nam Nữ De Memoria EDP #11 Tai O,Eau De Parfum,1416000,2200000,120ml,36
772,Nước Hoa Nam Versace Eros Flame EDP,Eros Flame Eau de Parfum Spray,5264000,8756000,200ml,40
773,[HSD 06/2024] Xịt Thơm Toàn Thân Bodymiss Hương Money Honey,,176000,316000,140ml,44
774,Nước Hoa Nam Moschino Toy Boy EDP,,9020000,9020000,400ml,0
775,Nước Hoa Nam Versace Pour Homme Dylan Blue EDT,Pour Homme Dylan Blue Eau De Toilette,7260000,9680000,400ml,25
776,Nước Hoa Nữ Jean Paul Gaultier Scandal EDP,Scandal Eau De Parfum Spray,7560000,8400000,120ml,10
777,Nước Hoa Nữ Chloé Nomade EDP,Eau De Parfum,7400000,9000000,120ml,18
778,Nước Hoa Nữ Burberry Her Blossom EDT,Her Blossom Eau de Toilette,10812000,16120000,400ml,33
779,[HSD 02/2025] Nước Hoa Nữ De Memoria EDP #07 Hoian,Eau De Parfum,1276000,1276000,120ml,0
780,Nước Hoa Nữ Marc Jacobs Perfect EDP,Perfect Eau De Parfum,10356000,16440000,400ml,37
781,Nước Hoa Nữ Chloé L'Eau Eau De Toilette,L'Eau Eau De Toilette,11340000,16520000,400ml,31
782,Nước Hoa Nữ Chloé Nomade EDP,Eau De Parfum,11728000,17160000,300ml,32
783,Nước Hoa Nam Lacoste Match Point EDT,Match Point Eau de Toilette,7152000,11880000,400ml,40
784,Nước Hoa Nữ Signorina Misteriosa,Signorina Misteriosa Eau de Parfum,7280000,9320000,400ml,22
785,[HSD 06/2024] Xịt Thơm Toàn Thân Bodymiss Hương Blinded Love,,176000,316000,140ml,44
786,[HSD 03/2025] Nước Hoa Nữ Chloé L'Eau Eau De Toilette,L'Eau Eau De Toilette,9072000,16520000,400ml,45
787,Nước Hoa Nam Versace Man Eau Fraiche EDT,Eau Fraiche Eau De Toilette,7448000,9196000,400ml,19
788,Nước Hoa Nữ Moschino Toy 2 EDP,Toy 2 Eau De Parfum,6160000,9768000,400ml,37
789,Nước Hoa Nữ Burberry Her EDP,Her Eau De Parfum,11868000,19960000,400ml,41
790,[HSD 06/2024] Xịt Thơm Toàn Thân Bodymiss Hương Care Free,,176000,316000,140ml,44
791,Nước Hoa Nữ Versace Yellow Diamond EDT,Yellow Diamond Eau De Toilette Natural Spray,7956000,10824000,360ml,26
792,Nước Hoa Nam Versace Pour Homme Eau De Toilette,Pour Homme Eau De Toilette,6176000,9504000,400ml,35
793,[HSD 02/2025] Nước Hoa Nữ Laura Anne Dynamic For Her (Xanh),Eau de Parfum,756000,1196000,200ml,37
794,[HSD 07/2024] Xịt Thơm Toàn Thân Bodymiss Hương Blinded Love,,176000,316000,140ml,44
795,[HSD 02/2025] Nước Hoa Nam Nữ De Memoria EDP #09 Lampang,Eau De Parfum,1332000,1332000,120ml,0
796,[HSD 06/2024] Xịt Thơm Toàn Thân Bodymiss Hương Funky Fresh,,176000,316000,140ml,44
797,Nước Hoa Nữ Marc Jacobs Daisy Intense EDP,Daisy Intense Eau De Parfum,5056000,9160000,120ml,45
798,Nước Hoa Nam Calvin Klein Euphoria For Men EDT,Euphoria For Men Eau de Toilette,6708000,11120000,400ml,40
799,[HSD 01/2025] Nước Hoa Nữ Marc Jacobs Daisy Intense EDP,Daisy Intense Eau De Parfum,812000,1160000,16ml,30
800,[Mini] Nước Hoa Nữ Burberry Her Blossom EDT 1.,,272000,276000,20ml,1
801,Nước Hoa Nữ Lancôme La Vie Est Belle Bản Giới Hạn OUI,La Vie Est Belle Oui L'eau De Parfum D'exception,8956000,10800000,200ml,17
802,Nước Hoa Nữ Chloé Eau De Parfum,,11372000,17160000,300ml,34
803,[HSD 02/2025] Nước Hoa Nữ Laura Anne Mystic For Her (Xám),Eau de Parfum,624000,624000,200ml,0
804,Nước Hoa Nam Mr.Burberry Indigo EDT,Indigo For Men EDT Spray,6036000,8720000,200ml,31
805,[HSD 06/2024] Xịt Thơm Toàn Thân Bodymiss Hương Stop & Stare,,176000,316000,140ml,44
806,[HSD 07/2024] Xịt Thơm Toàn Thân Bodymiss Hương Funky Fresh,,176000,316000,140ml,44
807,Nước Hoa Nam Calvin Klein Free Eau De Toilette,Free EDT Spray,3932000,7520000,200ml,48
808,Nước Hoa Nam Versace Eros EDP,Eros Eau De Parfum Natural Spray,7720000,11044000,400ml,30
809,Nước Hoa Nữ Versace Bright Crystal EDT,Bright Crystal Eau De Toilette,5952000,11040000,360ml,46
810,Nước Hoa Nam Gota Bouncy Eau de Parfum,Bouncy Perfume For Men Eau de Parfum,592000,1184000,200ml,50
811,Nước Hoa Nữ Salvatore Ferragamo Signorina Ribelle EDP,,7200000,12892000,400ml,44
812,Xịt Thơm Toàn Thân Kiss My Body Adore You,Perfume Mist,672000,676000,352ml,1
813,[HSD 07/2024] Xịt Thơm Toàn Thân Và Tóc Silkygirl Hương Magic Dream,Fragrance Mist Hair And Body #Magic Dream,180000,396000,200ml,55
814,Xịt Nước Hoa Hằng Ngày X-Men Hương Tươi Mát,Everyday Perfume Mann Up Air,396000,420000,200ml,6
815,Nước Hoa Nữ Narciso Rodriguez Pure Musc For Her EDP,Eau De Parfum,10440000,11600000,200ml,10
816,Nước Hoa Nữ Versace Pour Femme Dylan Blue EDP,Pour Femme Dylan Blue Eau De Parfum Spray,8608000,13244000,400ml,35
817,[HSD 07/2024] Nước Hoa Nữ Trussardi Sound Of Donna EDP,Sound Of Donna Eau De Parfum Spray,2904000,9680000,400ml,70
818,Nước Hoa Vùng Kín Nam Loli & The Wolf Dark Monster,Hương Gỗ Tuyết Tùng Nam Tính Cuốn Hút,992000,1200000,40ml,17
819,Xịt Thơm Toàn Thân Kiss My Body Sweet Poison,Perfume Mist,672000,676000,352ml,1
820,Xịt Thơm Toàn Thân Bodymiss Hương Blinded Love,,424000,624000,420ml,32
821,[HSD 12/2024] Xịt Thơm Toàn Thân Malissa Kiss Hương Happy Sundae,Perfume Mist,308000,676000,352ml,54
822,[HSD 11/2024] Xịt Thơm Toàn Thân Và Tóc Silkygirl Hương Floral Blush,Fragrance Mist Hair And Body #Floral Blush,176000,396000,200ml,56
823,[HSD 01/2025] Xịt Thơm Toàn Thân Malissa Kiss Hương Cozy Beach,Perfume Mist,308000,676000,352ml,54
824,[HSD 10/2024] Xịt Thơm Toàn Thân Và Tóc Silkygirl Hương Love Bloom,Fragrance Mist Hair And Body #Love Bloom,316000,396000,200ml,20
825,Nước Hoa Nữ Marc Jacobs Daisy EDT,Daisy Eau De Toilette,8996000,14280000,400ml,37
826,Xịt Thơm Toàn Thân Kiss My Body Hottie,Perfume Mist,672000,676000,352ml,1
827,Nước Hoa Nữ Diamond Femme (Trắng),Eau De Parfum,1505000,2745000,225ml,45
828,Nước Hoa Vùng Kín Foellie Hương Hoa Hồng Mạnh Mẽ,Inner Perfume #Eau De Bijou,720000,1750000,25ml,59
829,Nước Hoa Nữ Diamond Femme Pink (Hồng),Eau De Parfum,1375000,2745000,225ml,50
830,Nước Hoa Nam Diamond Homme (Đen),Eau De Parfum,1375000,2745000,225ml,50
831,Nước Hoa Nữ Diamond Femme Ruby Red (Đỏ),Eau De Parfum,1505000,2745000,225ml,45
832,Nước Hoa Nữ Gennie Little Gold Dress,Little Gold Dress,730000,1095000,250ml,33
833,Nước Hoa Vùng Kín Foellie Hương Trái Cây Ngọt Ngào,Inner Perfume #Eau De Fleur,895000,1750000,25ml,49
834,Nước Hoa Nữ Gennie Little Black Dress,Little Black Dress,730000,1095000,250ml,33
835,Xịt Thơm Toàn Thân Malissa Kiss Hương Crazy in Love,Perfume Body Mist,670000,845000,440ml,21
837,Nước Hoa Nữ De Memoria EDP #05 Montpellier,Eau De Parfum,1770000,2750000,150ml,36
838,Nước Hoa Nữ De Memoria #02 Val De Loire Hương Tươi Mát,Eau De Parfum,1770000,2750000,150ml,36
839,Xịt Thơm Toàn Thân Bodymiss Hương Stop & Stare,,270000,395000,175ml,32
840,Nước Hoa Nữ Gennie Little Red Dress,Little Red Dress,550000,1095000,250ml,50
841,Nước Hoa Nam Gota Iconic Eau de Parfum,Iconic Perfume For Men Eau de Parfum,740000,1480000,250ml,50
843,Nước Hoa Nữ De Memoria EDP #04 Dresden,Eau De Parfum,1770000,2750000,150ml,36
844,Nước Hoa Vùng Kín Foellie Hương Hoa Hồng Trắng,Inner Perfume #Eau De Ciel,895000,1750000,25ml,49
845,Nước Hoa Nam Diamond Homme Dark Blue (Xanh),Eau De Parfum,1505000,2745000,225ml,45
846,Nước Hoa Nữ Gennie Little Rose Dress Bản Giới Hạn,Little Rose Dress For Her,875000,1745000,250ml,50
847,Nước Hoa Vùng Kín Foellie Hoa Đinh Hương Bản Giới Hạn,Inner Perfume #Eau De Tuileries,945000,1750000,25ml,46
848,Nước Hoa Nữ Versace Bright Crystal Absolu EDP,Bright Crystal Absolu Eau de Parfum Natural Spray,8945000,14575000,450ml,39
849,Nước Hoa Nam Diamond Homme Brown (Nâu),Eau De Parfum,1505000,2495000,225ml,40
850,Nước Hoa Nữ Carolina Herrera Good Girl EDP,Good Girl Eau De Parfum Natural Spray,9045000,10050000,150ml,10
851,Xịt Thơm Toàn Thân Malissa Kiss Hương Sweet Poison,Perfume Mist,670000,845000,440ml,21
852,Xịt Thơm Toàn Thân Malissa Kiss Hương Adore You,Perfume Mist,670000,845000,440ml,21
853,Nước Hoa Nam Versace Pour Homme EDT,Pour Homme Eau De Toilette Spray,7215000,8910000,250ml,19
854,Nước Hoa Nữ Laura Anne Allure For Her (Hồng),Eau de Parfum,920000,1495000,250ml,38
855,Nước Hoa Nữ Lancôme La Nuit Tresor EDP,La Nuit Tresor Eau De Parfum,14100000,15500000,375ml,9
856,Nước Hoa Nam Paco Rabanne 1 Million Parfum EDP,1 Million Parfum EDP,15120000,16800000,500ml,10
857,Xịt Thơm Toàn Thân Malissa Kiss Hương Nước Hoa Passion,Perfume Mist,670000,845000,440ml,21
858,Nước Hoa Nữ Versace Bright Crystal EDT,Bright Crystal Eau de Toilette Spray,5950000,14525000,250ml,59
859,Nước Hoa Vùng Kín Foellie Hương Hoa Nhài Bản Giới Hạn,Inner Perfume #Eau De Venus,820000,1750000,25ml,53
860,Nước Hoa Nữ De Memoria EDP #03 Granada,Eau De Parfum,1770000,2750000,150ml,36
861,Nước Hoa Nữ De Memoria EDP #06 Grasse,Eau De Parfum,1770000,2750000,150ml,36
862,Nước Hoa Nữ Verites After The Rain,After The Rain Inspired By My Burberry,955000,1195000,250ml,20
863,Nước Hoa Nam Versace Eros Flame EDP,Eros Flame Eau de Parfum Spray,11180000,13805000,500ml,19
864,Xịt Thơm Toàn Thân Malissa Kiss Hương Lost In Paradise,Perfume Body Mist,670000,845000,440ml,21
865,Xịt Thơm Toàn Thân Malissa Kiss Hương Nước Hoa Delight,Perfume Mist,670000,845000,440ml,21
866,Xịt Thơm Toàn Thân Malissa Kiss Hương Fresh Escape,Perfume Mist,420000,845000,440ml,50
867,Nước Hoa Nam Gota Urban Eau de Parfum,Urban Perfume For Men Eau de Parfum,1040000,1480000,250ml,30
868,Xịt Thơm Toàn Thân Malissa Kiss Sweet Vanilla Cotton,Perfume Body Mist,670000,845000,440ml,21
869,Nước Hoa Nữ De Memoria #01 Spello Hương Mê Hoặc,Eau De Parfum,1765000,2750000,150ml,36
870,Nước Hoa Vùng Kín Foellie Hương Gỗ Tươi Mát,Inner Perfume #Eau De Foret,895000,1075000,25ml,17
871,Nước Hoa Nam Nữ Verites Siren,Siren Inspired By Good Girl Velvet Fatale,955000,1195000,250ml,20
872,Xịt Thơm Toàn Thân Bodymiss Hương Funky Fresh,,545000,780000,525ml,30
873,Bộ 3 Chai Nước Hoa Nam Nerman 4000/chai,"Hương Thơm Mạnh Mẽ Lôi Cuốn, Lưu Hương Tới 8H",2380000,2495000,50ml,5
874,Xịt Thơm Toàn Thân Và Tóc Silkygirl Hương Love Bloom,Fragrance Mist Hair And Body #Love Bloom,490000,495000,250ml,1
875,Xịt Thơm Toàn Thân Malissa Kiss Hương Nước Hoa Charm,Perfume Mist,670000,845000,440ml,21
876,Nước Hoa Vùng Kín Foellie Hương Hoa Anh Đào,Inner Perfume #Eau De Cherry Blossom,895000,1750000,25ml,49
877,Nước Hoa Nữ Verites Joie De Vivre,Joie De Vivre Inspired by Miss Dior,955000,1195000,250ml,20
878,Nước Hoa Nam Laura Anne Mystic For Him (Đen),Eau de Parfum,920000,1495000,250ml,38
879,Nước Hoa Vùng Kín Nữ Loli And The Wolf Midnight Forest,Hương Hoa Ngọt Ngào Quyến Rũ Lãng Mạn,1240000,1500000,40ml,17
880,Xịt Thơm Toàn Thân Bodymiss Hương Funky Fresh,,270000,395000,175ml,32
881,Nước Hoa Nữ Verites Secretly Sexy,Secretly Sexy Inspired By Victoria's Secret Very Sexy,955000,1195000,250ml,20
882,Nước Hoa Nam Verites Savage Trail,Savage Trail Inspired by Dior Sauvage,955000,1195000,250ml,20
883,Xịt Thơm Toàn Thân Và Tóc Silkygirl Hương Magic Dream,Fragrance Mist Hair And Body #Magic Dream,490000,495000,250ml,1
884,Xịt Thơm Toàn Thân Bodymiss Hương Stop & Stare,,545000,780000,525ml,30
885,Nước Hoa Vùng Kín Foellie Hương Hoa Ngọc Lan Tây,Inner Perfume #Eau De Bebe,895000,1750000,25ml,49
886,Xịt Thơm Toàn Thân Bodymiss Hương Blinded Love,,270000,395000,175ml,32
887,Xịt Thơm Toàn Thân Bodymiss Hương Hide & Seek,,270000,395000,175ml,32
888,Nước Hoa Nam Nữ De Memoria EDP #09 Lampang,Eau De Parfum,1850000,2750000,150ml,33
889,Nước Hoa Vùng Kín Foellie Hương Dâu Tây Bản XO Giới Hạn,Inner Perfume #Eau De Miel,895000,1750000,25ml,49
890,Xịt Thơm Toàn Thân Bodymiss Hương Hide & Seek,,545000,780000,525ml,30
891,Nước Hoa Nam Laura Anne Allure For Him (Đỏ),Eau de Parfum,745000,1495000,250ml,50
892,Nước Hoa Vùng Kín Foellie Hương Biển Thơm Mát,Inner Perfume #Eau De Vogue,895000,1075000,25ml,17
893,Xịt Thơm Toàn Thân Malissa Kiss Hương Happy Sundae,Perfume Mist,420000,845000,440ml,50
894,"Nước Hoa Nữ Verites Her Summer Nữ Tính, Dịu Dàng",,1155000,1445000,250ml,20
895,Xịt Thơm Toàn Thân Bodymiss Hương Care Free,,270000,395000,175ml,32
896,Nước Hoa Nam Nữ De Memoria EDP #10 Jiufen,Eau De Parfum,1770000,2750000,150ml,36
897,Xịt Thơm Toàn Thân Bodymiss Hương Money Honey,,545000,780000,525ml,30
898,Xịt Thơm Toàn Thân Malissa Kiss Hương Call Me Maybe,Perfume Mist,670000,845000,440ml,21
899,Xịt Thơm Toàn Thân Malissa Kiss Hương Nước Hoa Tender,Perfume Mist,670000,845000,440ml,21
900,Xịt Thơm Toàn Thân Malissa Kiss Hương Cozy Beach,Perfume Mist,420000,845000,440ml,50
902,Nước Hoa Nam Nữ Verites Santal Lab,Santal Lab Inspired By Le Labo Santal 33,1195000,1195000,250ml,0
903,Xịt Thơm Toàn Thân Malissa Kiss Hương Nước Hoa Fierce,Perfume Mist,670000,845000,440ml,21
904,Xịt Thơm Toàn Thân Bodymiss Hương Money Honey,,270000,395000,175ml,32
905,Combo 2 Xịt Thơm Toàn Thân Và Tóc Silkygirl Hương Love Bloom + Floral Blush,Fragrance Mist Hair And Body #Love Bloom & #Floral Blush,800000,880000,250ml,9
906,[Mini] Nước Hoa Nam Calvin Klein Defy For Men EDT,Defy For Men Eau de Toilette,1900000,1900000,50ml,0
907,Nước Hoa Nữ Gennie Little Rose Dress Bản Giới Hạn,Little Rose Dress For Her,450000,895000,50ml,50
908,Nước Hoa Nữ De Memoria EDP #07 Hoian,Eau De Parfum,1770000,2750000,150ml,36
909,Nước Hoa Vùng Kín Foellie Cherry Đen Bản Giới Hạn,Inner Perfume #Eau De Noir,800000,1750000,25ml,54
910,"Nước Hoa Nữ Verites Beach Bomb Nhẹ Nhàng, Tươi Mát",,1155000,1445000,250ml,20
911,"Nước Hoa Nam Verites De Club Cuốn Hút, Lịch Lãm",,1155000,1445000,250ml,20
912,Combo 2 Xịt Thơm Toàn Thân Và Tóc Silkygirl Hương Magic Dream + Love Bloom,Fragrance Mist Hair And Body #Magic Dream & #Love Bloom,920000,990000,250ml,7
913,Xịt Thơm Toàn Thân Và Tóc Silkygirl Hương Floral Blush,Fragrance Mist Hair And Body #Floral Blush,490000,495000,250ml,1
914,Nước Hoa Unisex Verites Chasing Cloud Tươi Mới,,1155000,1445000,250ml,20
915,Nước Hoa Nữ Laura Anne Mystic For Her (Xám),Eau de Parfum,935000,1495000,250ml,37
916,Nước Hoa Nam Laura Anne Dynamic For Him (Xanh),Dynamic For Him,1115000,1495000,250ml,25
917,Xịt Thơm Toàn Thân Malissa Kiss Hương Nước Hoa Desire,Perfume Mist,670000,845000,440ml,21
918,Xịt Thơm Toàn Thân Malissa Kiss Hương Nước Hoa Sweetie,Perfume Mist,670000,845000,440ml,21
919,Xịt Thơm Toàn Thân Malissa Kiss Hương Nước Hoa Hottie,Perfume Mist,670000,845000,440ml,21
920,Xịt Thơm Toàn Thân Kiss My Body Sweetie,Perfume Mist,840000,845000,440ml,1
921,Nước Hoa Nữ Armaf Club De Nuit Woman,Club De Nuit Woman EDP,3140000,4450000,525ml,29
922,Xịt Thơm Toàn Thân Kiss My Body Hương Crazy In Love,Perfume Mist,715000,845000,440ml,15
923,Xịt Thơm Toàn Thân Kiss My Body Sweet Vanilla Cotton,Perfume Mist,715000,845000,440ml,15
924,Xịt Thơm Toàn Thân Kiss My Body Hương Delight,Perfume Mist,715000,845000,440ml,15
925,Combo 2 Xịt Thơm Toàn Thân Và Tóc Silkygirl Hương Magic Dream + Floral Blush,Fragrance Mist Hair And Body #Magic Dream & #Floral Blush,920000,990000,250ml,7
926,Nước Hoa Nữ Narciso Rodriguez Musc Noir For Her EDP,Eau De Parfum,8730000,9700000,150ml,10
927,Nước Hoa Nữ Chloé Love Story EDP,Eau De Parfum,8425000,11800000,150ml,29
928,Nước Hoa Nữ Narciso Rodriguez For Her EDP,Eau De Parfum,8730000,9700000,150ml,10
929,Nước Hoa Nữ Narciso Rodriguez Ambrée EDP,Eau De Parfum,8370000,9850000,150ml,15
930,Nước Hoa Nữ Narciso Rodriguez Pure Musc For Her EDP,Eau De Parfum,8730000,9700000,150ml,10
931,Nước Hoa Nữ Narciso Rodriguez For Her EDP,Eau De Parfum,13050000,14500000,250ml,10
932,Nước Hoa Nữ Narciso Rodriguez For Her EDP,Eau De Parfum,17235000,19150000,500ml,10
933,Nước Hoa Nữ Narciso Rodriguez For Her EDT,Eau De Toilette,12375000,17350000,500ml,29
934,Nước Hoa Nữ Marc Jacobs Daisy Ever So Fresh EDP,Eau De Parfum,9000000,11100000,150ml,19
935,Nước Hoa Nữ Narciso Rodriguez For Her EDT,Eau De Toilette,8450000,13050000,250ml,35
936,Nước Hoa Nữ Narciso Rodriguez Pure Musc For Her EDP,Eau De Parfum,18185000,19150000,500ml,5
937,Nước Hoa Nam Tommy Impact Intense EDP,Impact Intense Eau De Perfume,11250000,11250000,250ml,0
938,Nước Hoa Nam De Memoria EDP #12 Bagan,Eau De Parfum,1850000,2750000,150ml,33
939,Nước Hoa Nữ Carolina Herrera Very Good Girl Glam EDP,Very Good Girl Glam Eau De Parfum,19665000,21850000,400ml,10
940,Nước Hoa Nữ Marc Jacobs Daisy Love EDT,Eau De Toilette,5800000,9700000,150ml,40
941,Nước Hoa Nữ Tommy Now Girl EDT,Now Girl Eau De Toilette,6800000,6800000,150ml,0
942,Nước Hoa Nam Tommy Now EDT,Now Eau De Toilette,6800000,6800000,150ml,0
943,Nước Hoa Nữ Carolina Herrera Very Good Girl EDP,Very Good Girl Eau De Parfum,9900000,11000000,150ml,10
944,Nước Hoa Nam TOMMY Cologne EDT,Cologne Spray,4495000,6800000,150ml,34
945,Nước Hoa Nữ Marc Jacobs Daisy Dream EDT,Eau De Toilette,4945000,5750000,150ml,14
946,Nước Hoa Nữ Issey Miyake L'Eau D'Issey EDT,Eau De Toilette,10170000,11300000,250ml,10
947,Nước Hoa Nam Issey Miyake L'Eau D'Issey Eau & Cèdre,Pour Homme Eau De Toilette Intense,12915000,14350000,500ml,10
948,Nước Hoa Nữ Issey Miyake A Drop D'Issey EDP,Eau De Parfum,14625000,16250000,450ml,10
949,Nước Hoa Nam Tommy Impact EDT,Impact Intense Eau De Toilette,10650000,10650000,250ml,0
950,Nước Hoa Nam Calvin Klein Defy For Men EDT,Eau De Toilette,3395000,6450000,150ml,47
951,Nước Hoa Nữ Laura Anne Dynamic For Her (Xanh),Eau de Parfum,990000,1495000,250ml,34
952,Nước Hoa Nữ Issey Miyake A Drop D'Issey EDP Fraiche,Eau De Parfum Fraiche,7605000,8450000,150ml,10
953,Nước Hoa Nam Nữ Calvin Klein One EDT,Eau De Toilette,4065000,7350000,250ml,45
954,Nước Hoa Nữ Tommy Girl Cologne EDT,Tommy Girl Cologne Eau de Toilette Spray,4195000,6800000,150ml,38
955,Nước Hoa Nữ Marc Jacobs Daisy Love Eau So Sweet EDT,Eau De Toilette,8750000,9700000,150ml,10
956,"Nước Hoa Nữ Verites Starstruck Ngọt Ngào, Quyến Rũ",,1155000,1445000,250ml,20
957,"Nước Hoa Nữ Verites Midnight Bloom Quyến Rũ, Thanh Lịch",,1155000,1445000,250ml,20
958,[HSD 02/2025] Nước Hoa Nam De Memoria EDP #12 Bagan,Eau De Parfum,1665000,1665000,150ml,0
959,Nước Hoa Nam Nữ De Memoria EDP #11 Tai O,Eau De Parfum,1770000,2750000,150ml,36
960,Nước Hoa Nam Versace Eros Flame EDP,Eros Flame Eau de Parfum Spray,6580000,10945000,250ml,40
961,[HSD 06/2024] Xịt Thơm Toàn Thân Bodymiss Hương Money Honey,,220000,395000,175ml,44
962,Nước Hoa Nam Moschino Toy Boy EDP,,11275000,11275000,500ml,0
963,Nước Hoa Nam Versace Pour Homme Dylan Blue EDT,Pour Homme Dylan Blue Eau De Toilette,9075000,12100000,500ml,25
964,Nước Hoa Nữ Jean Paul Gaultier Scandal EDP,Scandal Eau De Parfum Spray,9450000,10500000,150ml,10
965,Nước Hoa Nữ Chloé Nomade EDP,Eau De Parfum,9250000,11250000,150ml,18
966,Nước Hoa Nữ Burberry Her Blossom EDT,Her Blossom Eau de Toilette,13515000,20150000,500ml,33
967,[HSD 02/2025] Nước Hoa Nữ De Memoria EDP #07 Hoian,Eau De Parfum,1595000,1595000,150ml,0
968,Nước Hoa Nữ Marc Jacobs Perfect EDP,Perfect Eau De Parfum,12945000,20550000,500ml,37
969,Nước Hoa Nữ Chloé L'Eau Eau De Toilette,L'Eau Eau De Toilette,14175000,20650000,500ml,31
970,Nước Hoa Nữ Chloé Nomade EDP,Eau De Parfum,14660000,21450000,375ml,32
971,Nước Hoa Nam Lacoste Match Point EDT,Match Point Eau de Toilette,8940000,14850000,500ml,40
972,Nước Hoa Nữ Signorina Misteriosa,Signorina Misteriosa Eau de Parfum,9100000,11650000,500ml,22
973,[HSD 06/2024] Xịt Thơm Toàn Thân Bodymiss Hương Blinded Love,,220000,395000,175ml,44
974,[HSD 03/2025] Nước Hoa Nữ Chloé L'Eau Eau De Toilette,L'Eau Eau De Toilette,11340000,20650000,500ml,45
975,Nước Hoa Nam Versace Man Eau Fraiche EDT,Eau Fraiche Eau De Toilette,9310000,11495000,500ml,19
976,Nước Hoa Nữ Moschino Toy 2 EDP,Toy 2 Eau De Parfum,7700000,12210000,500ml,37
977,Nước Hoa Nữ Burberry Her EDP,Her Eau De Parfum,14835000,24950000,500ml,41
978,[HSD 06/2024] Xịt Thơm Toàn Thân Bodymiss Hương Care Free,,220000,395000,175ml,44
979,Nước Hoa Nữ Versace Yellow Diamond EDT,Yellow Diamond Eau De Toilette Natural Spray,9945000,13530000,450ml,26
980,Nước Hoa Nam Versace Pour Homme Eau De Toilette,Pour Homme Eau De Toilette,7720000,11880000,500ml,35
981,[HSD 02/2025] Nước Hoa Nữ Laura Anne Dynamic For Her (Xanh),Eau de Parfum,945000,1495000,250ml,37
982,[HSD 07/2024] Xịt Thơm Toàn Thân Bodymiss Hương Blinded Love,,220000,395000,175ml,44
983,[HSD 02/2025] Nước Hoa Nam Nữ De Memoria EDP #09 Lampang,Eau De Parfum,1665000,1665000,150ml,0
984,[HSD 06/2024] Xịt Thơm Toàn Thân Bodymiss Hương Funky Fresh,,220000,395000,175ml,44
985,Nước Hoa Nữ Marc Jacobs Daisy Intense EDP,Daisy Intense Eau De Parfum,6320000,11450000,150ml,45
986,Nước Hoa Nam Calvin Klein Euphoria For Men EDT,Euphoria For Men Eau de Toilette,8385000,13900000,500ml,40
987,[HSD 01/2025] Nước Hoa Nữ Marc Jacobs Daisy Intense EDP,Daisy Intense Eau De Parfum,1015000,1450000,20ml,30
988,[Mini] Nước Hoa Nữ Burberry Her Blossom EDT 1.,,340000,345000,25ml,1
989,Nước Hoa Nữ Lancôme La Vie Est Belle Bản Giới Hạn OUI,La Vie Est Belle Oui L'eau De Parfum D'exception,11195000,13500000,250ml,17
990,Nước Hoa Nữ Chloé Eau De Parfum,,14215000,21450000,375ml,34
991,[HSD 02/2025] Nước Hoa Nữ Laura Anne Mystic For Her (Xám),Eau de Parfum,780000,780000,250ml,0
992,Nước Hoa Nam Mr.Burberry Indigo EDT,Indigo For Men EDT Spray,7545000,10900000,250ml,31
993,[HSD 06/2024] Xịt Thơm Toàn Thân Bodymiss Hương Stop & Stare,,220000,395000,175ml,44
994,[HSD 07/2024] Xịt Thơm Toàn Thân Bodymiss Hương Funky Fresh,,220000,395000,175ml,44
995,Nước Hoa Nam Calvin Klein Free Eau De Toilette,Free EDT Spray,4915000,9400000,250ml,48
996,Nước Hoa Nam Versace Eros EDP,Eros Eau De Parfum Natural Spray,9650000,13805000,500ml,30
997,Nước Hoa Nữ Versace Bright Crystal EDT,Bright Crystal Eau De Toilette,7440000,13800000,450ml,46
998,Nước Hoa Nam Gota Bouncy Eau de Parfum,Bouncy Perfume For Men Eau de Parfum,740000,1480000,250ml,50
999,Nước Hoa Nữ Salvatore Ferragamo Signorina Ribelle EDP,,9000000,16115000,500ml,44
1000,Xịt Thơm Toàn Thân Kiss My Body Adore You,Perfume Mist,840000,845000,440ml,1
1001,[HSD 07/2024] Xịt Thơm Toàn Thân Và Tóc Silkygirl Hương Magic Dream,Fragrance Mist Hair And Body #Magic Dream,225000,495000,250ml,55
1002,Xịt Nước Hoa Hằng Ngày X-Men Hương Tươi Mát,Everyday Perfume Mann Up Air,495000,525000,250ml,6
1003,Nước Hoa Nữ Narciso Rodriguez Pure Musc For Her EDP,Eau De Parfum,13050000,14500000,250ml,10
1004,Nước Hoa Nữ Versace Pour Femme Dylan Blue EDP,Pour Femme Dylan Blue Eau De Parfum Spray,10760000,16555000,500ml,35
1005,[HSD 07/2024] Nước Hoa Nữ Trussardi Sound Of Donna EDP,Sound Of Donna Eau De Parfum Spray,3630000,12100000,500ml,70
1006,Nước Hoa Vùng Kín Nam Loli & The Wolf Dark Monster,Hương Gỗ Tuyết Tùng Nam Tính Cuốn Hút,1240000,1500000,50ml,17
1007,Xịt Thơm Toàn Thân Kiss My Body Sweet Poison,Perfume Mist,840000,845000,440ml,1
1008,Xịt Thơm Toàn Thân Bodymiss Hương Blinded Love,,530000,780000,525ml,32
1009,[HSD 12/2024] Xịt Thơm Toàn Thân Malissa Kiss Hương Happy Sundae,Perfume Mist,385000,845000,440ml,54
1010,[HSD 11/2024] Xịt Thơm Toàn Thân Và Tóc Silkygirl Hương Floral Blush,Fragrance Mist Hair And Body #Floral Blush,220000,495000,250ml,56
1011,[HSD 01/2025] Xịt Thơm Toàn Thân Malissa Kiss Hương Cozy Beach,Perfume Mist,385000,845000,440ml,54
1012,[HSD 10/2024] Xịt Thơm Toàn Thân Và Tóc Silkygirl Hương Love Bloom,Fragrance Mist Hair And Body #Love Bloom,395000,495000,250ml,20
1013,Nước Hoa Nữ Marc Jacobs Daisy EDT,Daisy Eau De Toilette,11245000,17850000,500ml,37
1014,Xịt Thơm Toàn Thân Kiss My Body Hottie,Perfume Mist,840000,845000,440ml,1
